id,name,description,sku,isActive,isFeatured,price,stock,hasVariants,brandId,categoryId,sellerId,createdAt,updatedAt
6c570d91-abec-421e-8efa-517e096eaade,Huawei P Series Premium,High-quality huawei p series premium with excellent features and premium build quality. Perfect for smartphones enthusiasts.,SMA-7046,True,False,2112.0,272,False,3c0c8974-9d00-47b5-ace0-561a29118cf4,9b5ec4ef-1c57-4a8f-ac89-c1faf254368a,cae622d0-d486-4bdf-8d26-da45d67b7c50,2023-06-29T16:02:46.073807Z,2024-05-05T02:13:33.101836Z
29ce6472-c149-4bdd-a4cd-bec877991284,OnePlus Nord Elite,High-quality oneplus nord elite with excellent features and premium build quality. Perfect for smartphones enthusiasts.,SMA-4164,False,False,847.27,452,False,6031392e-40b3-4085-8809-12ee5ae637c4,9b5ec4ef-1c57-4a8f-ac89-c1faf254368a,f7a14e15-6d54-4621-b589-e71378d01c71,2023-01-02T17:47:35.435352Z,2023-04-20T20:36:22.707256Z
f6a03f62-b489-4f2d-a650-3cbd9de1104a,iPhone Pro Max Plus,High-quality iphone pro max plus with excellent features and premium build quality. Perfect for smartphones enthusiasts.,SMA-3955,True,False,1410.31,391,False,6031392e-40b3-4085-8809-12ee5ae637c4,9b5ec4ef-1c57-4a8f-ac89-c1faf254368a,505ba820-a06f-4bb9-b5ef-b704cf600086,2022-11-20T17:38:28.978866Z,2023-11-15T10:35:20.885893Z
ee4671d6-ed1e-49ed-963f-33095b67302a,Huawei P Series Premium,High-quality huawei p series premium with excellent features and premium build quality. Perfect for smartphones enthusiasts.,SMA-6299,True,True,1538.91,145,False,03346fb7-d26b-40c4-9a2d-3bfa8250274e,9b5ec4ef-1c57-4a8f-ac89-c1faf254368a,96284808-e74c-4dc9-a775-69fc91331e3e,2023-03-15T12:49:35.971135Z,2023-11-30T11:28:28.416379Z
698fa845-3e39-4942-aa82-88f4a12d5f7f,Xiaomi Redmi,High-quality xiaomi redmi with excellent features and premium build quality. Perfect for smartphones enthusiasts.,SMA-9480,True,True,314.44,19,False,a490ea09-378e-417c-913f-574bf3dd15df,9b5ec4ef-1c57-4a8f-ac89-c1faf254368a,a5868675-48ac-4741-9718-f349320d9f76,2023-03-31T06:54:20.022755Z,2024-01-07T17:32:35.598388Z
9333e1d6-1519-4747-8ab1-9e37fe6e2e0c,OnePlus Nord Deluxe,High-quality oneplus nord deluxe with excellent features and premium build quality. Perfect for smartphones enthusiasts.,SMA-3557,True,True,1107.57,370,False,a490ea09-378e-417c-913f-574bf3dd15df,9b5ec4ef-1c57-4a8f-ac89-c1faf254368a,3124406c-35cc-405e-91d0-808f937e0d3e,2023-05-27T07:16:51.314889Z,2023-08-29T18:25:36.962468Z
a25c8cef-ee0a-42c8-b6b9-6e1554b061e3,Pixel Pro Basic,High-quality pixel pro basic with excellent features and premium build quality. Perfect for smartphones enthusiasts.,SMA-3832,True,False,2102.92,178,False,44d106f0-bb67-460e-a37d-b28baaea21eb,9b5ec4ef-1c57-4a8f-ac89-c1faf254368a,5004fa29-50c8-4cd4-ba8f-f70426f069c8,2022-07-15T19:41:19.039186Z,2024-08-01T18:24:05.818017Z
b1c9a8fb-0d81-4f94-a04c-7baf28899d0e,Xperia Pro Premium,High-quality xperia pro premium with excellent features and premium build quality. Perfect for smartphones enthusiasts.,SMA-7824,True,False,2213.52,268,False,d17c230b-c040-4bec-9858-0ad93af3e6bd,9b5ec4ef-1c57-4a8f-ac89-c1faf254368a,e21cd177-cf57-4ca5-a93e-64fe0c806d79,2023-04-10T23:41:54.631559Z,2023-04-21T20:49:40.401066Z
a446be12-ee51-4006-91fb-3977aed4af9b,iPhone Pro Max Deluxe,High-quality iphone pro max deluxe with excellent features and premium build quality. Perfect for smartphones enthusiasts.,SMA-9846,True,False,1019.02,221,False,03346fb7-d26b-40c4-9a2d-3bfa8250274e,9b5ec4ef-1c57-4a8f-ac89-c1faf254368a,f64c1d03-6f27-4ef7-9693-bbe321776c14,2023-03-29T04:03:43.767115Z,2024-05-04T14:48:38.603198Z
68058ea3-7c6a-4e6c-87d8-bb37a2fd222e,Pixel Pro Premium,High-quality pixel pro premium with excellent features and premium build quality. Perfect for smartphones enthusiasts.,SMA-3425,True,False,481.59,246,False,a490ea09-378e-417c-913f-574bf3dd15df,9b5ec4ef-1c57-4a8f-ac89-c1faf254368a,783819c0-0cb5-4ea6-8439-352aa76a1938,2022-04-11T17:25:16.089211Z,2023-05-24T16:27:49.731770Z
fe014834-2513-4470-a1ac-7b302a8328a4,Xiaomi Redmi Elite,High-quality xiaomi redmi elite with excellent features and premium build quality. Perfect for smartphones enthusiasts.,SMA-8993,True,True,1556.92,343,False,e76dd95a-832b-4bb3-bbe3-133d87e8f83b,9b5ec4ef-1c57-4a8f-ac89-c1faf254368a,4c25cba5-37ae-4385-b542-1000e72ead23,2023-05-20T07:04:17.814504Z,2024-08-02T10:43:59.603998Z
d0800e32-81e7-472e-b6de-e51d849a3ccc,OnePlus Nord Premium,High-quality oneplus nord premium with excellent features and premium build quality. Perfect for smartphones enthusiasts.,SMA-6984,True,False,1005.61,350,False,35110647-31b2-47fe-b290-d75c34e44e59,9b5ec4ef-1c57-4a8f-ac89-c1faf254368a,c81e7de7-1ddf-4267-9ed1-ed40d5fbfbe1,2022-02-19T09:10:22.646154Z,2024-08-12T19:09:28.047057Z
ed673a71-3f27-442e-a8c4-6a55011ac3e5,Pixel Pro Plus,High-quality pixel pro plus with excellent features and premium build quality. Perfect for smartphones enthusiasts.,SMA-2405,True,False,834.7,378,False,4c119361-9235-4ab3-b251-81bb05d34516,9b5ec4ef-1c57-4a8f-ac89-c1faf254368a,8bb632a6-62dc-42fc-8900-e034f26a0ddb,2022-10-30T09:00:21.727497Z,2023-02-20T09:28:30.023853Z
aae62747-546e-47c9-98db-156f24400203,Xiaomi Redmi Elite,High-quality xiaomi redmi elite with excellent features and premium build quality. Perfect for smartphones enthusiasts.,SMA-4339,True,False,1950.77,87,False,6031392e-40b3-4085-8809-12ee5ae637c4,9b5ec4ef-1c57-4a8f-ac89-c1faf254368a,95c156e2-8d1a-4ed2-8522-95c8550c2f12,2024-09-16T19:46:09.728834Z,2024-12-14T21:01:24.611324Z
b804d759-67a5-4f32-bc65-23332171283e,iPhone Pro Max Standard,High-quality iphone pro max standard with excellent features and premium build quality. Perfect for smartphones enthusiasts.,SMA-4288,True,True,896.81,9,False,3c0c8974-9d00-47b5-ace0-561a29118cf4,9b5ec4ef-1c57-4a8f-ac89-c1faf254368a,11b637ab-c1b4-4643-ac3e-8ccb00034809,2024-08-10T20:00:04.407523Z,2024-10-18T21:54:58.692165Z
8292fb6e-e462-4efa-8541-aa2e0f04a030,Pixel Pro Premium,High-quality pixel pro premium with excellent features and premium build quality. Perfect for smartphones enthusiasts.,SMA-4787,False,False,2448.54,474,False,e76dd95a-832b-4bb3-bbe3-133d87e8f83b,9b5ec4ef-1c57-4a8f-ac89-c1faf254368a,72d41252-f9ea-45a2-a331-5b795c564d49,2022-07-23T10:31:55.626111Z,2024-01-18T02:11:12.524970Z
32d1f96d-b14c-48ed-ab44-8f60758f0994,Huawei P Series,High-quality huawei p series with excellent features and premium build quality. Perfect for smartphones enthusiasts.,SMA-1651,True,False,970.83,500,False,027821ec-2fe9-40cf-b483-d2b2ae8597a0,9b5ec4ef-1c57-4a8f-ac89-c1faf254368a,d446e02d-7856-43f2-a678-59c42195a910,2024-09-30T12:47:10.019264Z,2024-11-13T21:22:22.655602Z
cbf399dc-085d-4ef1-beeb-740052444541,Xiaomi Redmi Standard,High-quality xiaomi redmi standard with excellent features and premium build quality. Perfect for smartphones enthusiasts.,SMA-2015,False,False,2233.08,491,False,cf91c0b9-59bd-4379-b8dd-002785b6d0a1,9b5ec4ef-1c57-4a8f-ac89-c1faf254368a,bd52ef96-a523-4636-a0c9-4a10ff6550e0,2022-03-02T17:17:14.159077Z,2024-01-30T12:42:08.092059Z
509358c1-7c84-46f1-a2c6-a5c6730f112a,Huawei P Series Elite,High-quality huawei p series elite with excellent features and premium build quality. Perfect for smartphones enthusiasts.,SMA-7837,True,False,636.04,158,False,027821ec-2fe9-40cf-b483-d2b2ae8597a0,9b5ec4ef-1c57-4a8f-ac89-c1faf254368a,5004fa29-50c8-4cd4-ba8f-f70426f069c8,2023-10-02T19:21:28.568573Z,2023-12-08T06:41:08.609254Z
463f9af4-81e8-45b8-854d-da95a3f340f9,Huawei P Series Plus,High-quality huawei p series plus with excellent features and premium build quality. Perfect for smartphones enthusiasts.,SMA-8046,True,True,1743.7,391,False,3c0c8974-9d00-47b5-ace0-561a29118cf4,9b5ec4ef-1c57-4a8f-ac89-c1faf254368a,97fa6f56-c680-4b46-b67c-e2be433ef853,2022-11-20T10:04:35.558850Z,2024-11-25T03:11:20.880303Z
a0a2fc63-d9bb-479e-a1f1-9c5ffc4cd4f8,ThinkPad X1 Premium,High-quality thinkpad x1 premium with excellent features and premium build quality. Perfect for laptops enthusiasts.,LAP-5970,True,False,2353.14,290,False,44d106f0-bb67-460e-a37d-b28baaea21eb,6b7b5d0e-a3de-42a0-8879-f800a8778c3b,c52d5f3e-58f5-4096-906d-c2e5430564a6,2023-07-15T04:49:12.111957Z,2023-11-26T05:01:48.641709Z
11fa87c3-e1aa-42f6-84a8-5b7d176337cd,ASUS ZenBook Elite,High-quality asus zenbook elite with excellent features and premium build quality. Perfect for laptops enthusiasts.,LAP-4804,False,False,1090.36,242,False,027821ec-2fe9-40cf-b483-d2b2ae8597a0,6b7b5d0e-a3de-42a0-8879-f800a8778c3b,ee6fb3f6-b1a1-4eac-91b3-3c30cee35e6d,2024-09-03T04:32:54.634086Z,2024-11-02T22:41:23.192913Z
918c12b6-140a-4835-a379-127b24785f82,Dell XPS Plus,High-quality dell xps plus with excellent features and premium build quality. Perfect for laptops enthusiasts.,LAP-4166,False,False,1198.89,250,False,027821ec-2fe9-40cf-b483-d2b2ae8597a0,6b7b5d0e-a3de-42a0-8879-f800a8778c3b,28e24c73-fdee-479e-ad4a-c89a4ae1e2fd,2022-01-31T08:26:14.778427Z,2023-03-22T06:04:11.972138Z
973bb928-ed46-48f0-b093-d42379fada1d,Surface Laptop Deluxe,High-quality surface laptop deluxe with excellent features and premium build quality. Perfect for laptops enthusiasts.,LAP-8496,True,False,1190.7,55,False,027821ec-2fe9-40cf-b483-d2b2ae8597a0,6b7b5d0e-a3de-42a0-8879-f800a8778c3b,5fa02a98-5288-413e-b81f-498d87c6fb15,2022-03-27T19:47:52.398851Z,2024-04-02T10:25:39.984758Z
db347c0e-4e79-4463-87f3-efa8a66b8c59,ThinkPad X1 Basic,High-quality thinkpad x1 basic with excellent features and premium build quality. Perfect for laptops enthusiasts.,LAP-1694,False,False,1483.3,396,False,027821ec-2fe9-40cf-b483-d2b2ae8597a0,6b7b5d0e-a3de-42a0-8879-f800a8778c3b,95c156e2-8d1a-4ed2-8522-95c8550c2f12,2022-03-22T17:24:33.802328Z,2023-12-27T01:12:18.460905Z
b10c01dd-2315-4944-8b5d-0855d54b90c2,Alienware Gaming Standard,High-quality alienware gaming standard with excellent features and premium build quality. Perfect for laptops enthusiasts.,LAP-8558,True,False,947.71,398,False,a490ea09-378e-417c-913f-574bf3dd15df,6b7b5d0e-a3de-42a0-8879-f800a8778c3b,5fa02a98-5288-413e-b81f-498d87c6fb15,2022-04-22T22:33:57.149149Z,2023-08-09T20:28:05.757750Z
f4cec095-697c-4fe9-b067-0e5a0c3b7b9d,ASUS ZenBook Plus,High-quality asus zenbook plus with excellent features and premium build quality. Perfect for laptops enthusiasts.,LAP-7440,True,True,1291.94,46,False,e76dd95a-832b-4bb3-bbe3-133d87e8f83b,6b7b5d0e-a3de-42a0-8879-f800a8778c3b,353ca163-dcda-453c-bc5a-9f4e04668cce,2023-01-02T14:37:57.747251Z,2023-07-27T14:05:16.339817Z
14d413b9-38bd-451e-ac90-eb0d5563dcbe,MacBook Pro Basic,High-quality macbook pro basic with excellent features and premium build quality. Perfect for laptops enthusiasts.,LAP-6946,True,False,1856.0,444,False,4c119361-9235-4ab3-b251-81bb05d34516,6b7b5d0e-a3de-42a0-8879-f800a8778c3b,d446e02d-7856-43f2-a678-59c42195a910,2022-11-24T12:35:24.046038Z,2023-05-17T10:36:55.691567Z
44e5d4f7-d268-42c1-8285-67c74a8ee114,Dell XPS Plus,High-quality dell xps plus with excellent features and premium build quality. Perfect for laptops enthusiasts.,LAP-1840,True,True,980.93,234,False,e76dd95a-832b-4bb3-bbe3-133d87e8f83b,6b7b5d0e-a3de-42a0-8879-f800a8778c3b,2db0e1e1-227d-426f-820f-04e1902445c8,2024-07-02T09:40:11.123264Z,2024-08-04T06:00:39.802575Z
5438c9ba-57b3-4eec-8602-d1b7bf9fedd4,ThinkPad X1 Basic,High-quality thinkpad x1 basic with excellent features and premium build quality. Perfect for laptops enthusiasts.,LAP-9904,True,False,1637.55,451,False,3c0c8974-9d00-47b5-ace0-561a29118cf4,6b7b5d0e-a3de-42a0-8879-f800a8778c3b,de6d31dd-03a3-4225-906a-4041f6cd46ef,2024-10-07T07:13:37.691505Z,2024-12-06T14:26:28.083262Z
066f483c-b0a2-4833-bce8-577cfb6ab029,ASUS ZenBook Standard,High-quality asus zenbook standard with excellent features and premium build quality. Perfect for laptops enthusiasts.,LAP-4401,True,True,626.15,25,False,6306ee5d-c1ed-4fb9-8c5c-36912be35efa,6b7b5d0e-a3de-42a0-8879-f800a8778c3b,e4d423e1-bcd7-4afb-9b9e-60ea42662ddd,2023-12-16T01:09:54.034007Z,2024-11-21T18:53:38.312938Z
a4aea3f8-c0af-47cc-b244-c2b912c82b37,MacBook Pro Premium,High-quality macbook pro premium with excellent features and premium build quality. Perfect for laptops enthusiasts.,LAP-3920,True,False,1644.39,419,False,a490ea09-378e-417c-913f-574bf3dd15df,6b7b5d0e-a3de-42a0-8879-f800a8778c3b,d95de9ed-4ca5-4e53-a139-35a02afdb784,2022-12-30T14:47:37.377685Z,2023-02-04T02:49:19.338503Z
7f0760fb-ebcc-49c7-8e15-872799480248,MacBook Pro Premium,High-quality macbook pro premium with excellent features and premium build quality. Perfect for laptops enthusiasts.,LAP-2063,True,False,595.99,373,False,4e18f415-a737-43ec-8f90-fd594692acd9,6b7b5d0e-a3de-42a0-8879-f800a8778c3b,400458bd-7984-4e66-bea7-7547c7d17490,2023-07-17T10:33:26.550131Z,2024-02-16T22:13:39.061010Z
8b33fed3-ef3f-4e7e-8afb-805b39af2b22,Surface Laptop Pro,High-quality surface laptop pro with excellent features and premium build quality. Perfect for laptops enthusiasts.,LAP-8924,True,False,2354.55,288,False,b84f3755-1ff3-4bdd-b0f5-299dc11e67d3,6b7b5d0e-a3de-42a0-8879-f800a8778c3b,9329c9fe-e8f1-4710-9504-2cb632ae9317,2023-08-12T13:38:54.331862Z,2023-12-22T16:36:39.371042Z
e58cd921-80e2-4a63-9da5-927a39aaaafc,ThinkPad X1 Basic,High-quality thinkpad x1 basic with excellent features and premium build quality. Perfect for laptops enthusiasts.,LAP-9069,True,False,2244.05,409,False,3c0c8974-9d00-47b5-ace0-561a29118cf4,6b7b5d0e-a3de-42a0-8879-f800a8778c3b,e4d423e1-bcd7-4afb-9b9e-60ea42662ddd,2023-04-22T22:18:12.001657Z,2023-08-21T00:29:40.835434Z
3b5cfd48-389a-4640-9714-2a6008bdb590,ASUS ZenBook Premium,High-quality asus zenbook premium with excellent features and premium build quality. Perfect for laptops enthusiasts.,LAP-7783,True,False,1069.22,281,False,6306ee5d-c1ed-4fb9-8c5c-36912be35efa,6b7b5d0e-a3de-42a0-8879-f800a8778c3b,6932fe68-6a9b-4b1b-8f18-fdf24d574a18,2023-03-11T00:40:12.723535Z,2023-12-24T08:50:04.322722Z
0c68ff00-91ea-4a61-9720-5cd4b7205d82,HP Spectre,High-quality hp spectre with excellent features and premium build quality. Perfect for laptops enthusiasts.,LAP-2865,True,False,1050.99,246,False,cf91c0b9-59bd-4379-b8dd-002785b6d0a1,6b7b5d0e-a3de-42a0-8879-f800a8778c3b,6932fe68-6a9b-4b1b-8f18-fdf24d574a18,2022-03-01T05:12:21.874329Z,2024-01-22T21:30:58.497549Z
d651b848-44be-48ff-b987-791fa447af4a,Lenovo Tab Basic,High-quality lenovo tab basic with excellent features and premium build quality. Perfect for tablets enthusiasts.,TAB-9797,True,False,727.18,295,False,35110647-31b2-47fe-b290-d75c34e44e59,bb5a7c22-b603-4fb8-a1f9-de5242d9977a,5efaa8d3-3350-42c4-8b93-9a855c4dfd4e,2024-04-27T23:03:53.546384Z,2024-07-12T18:46:43.330828Z
1522b6a4-50a5-4edc-9fab-fc6bcda5f85e,Lenovo Tab Deluxe,High-quality lenovo tab deluxe with excellent features and premium build quality. Perfect for tablets enthusiasts.,TAB-6793,True,False,324.36,361,False,4c119361-9235-4ab3-b251-81bb05d34516,bb5a7c22-b603-4fb8-a1f9-de5242d9977a,f64c1d03-6f27-4ef7-9693-bbe321776c14,2022-03-05T10:24:40.560226Z,2023-02-07T18:38:24.196481Z
bfab9943-f6bf-41b6-abe3-cf355418410b,iPad Mini Deluxe,High-quality ipad mini deluxe with excellent features and premium build quality. Perfect for tablets enthusiasts.,TAB-1518,True,False,169.43,401,False,4e18f415-a737-43ec-8f90-fd594692acd9,bb5a7c22-b603-4fb8-a1f9-de5242d9977a,716f3320-1e0f-402a-9171-8dabc3dc7d34,2023-05-02T11:28:53.996909Z,2024-03-06T06:33:19.183514Z
c44969e1-8660-4e52-be78-176fd6fa0656,iPad Air Elite,High-quality ipad air elite with excellent features and premium build quality. Perfect for tablets enthusiasts.,TAB-2517,True,False,119.94,393,False,44d106f0-bb67-460e-a37d-b28baaea21eb,bb5a7c22-b603-4fb8-a1f9-de5242d9977a,665db03a-cf76-420e-aae9-f2fd5b232ed2,2024-09-15T16:09:12.356637Z,2024-11-15T23:55:33.325434Z
62835ce7-4cc3-4651-8a19-7b69f82ceefb,iPad Mini Pro,High-quality ipad mini pro with excellent features and premium build quality. Perfect for tablets enthusiasts.,TAB-9456,True,False,264.14,446,False,cf91c0b9-59bd-4379-b8dd-002785b6d0a1,bb5a7c22-b603-4fb8-a1f9-de5242d9977a,7f3ec454-beff-4775-bc3c-9d3704ac4648,2022-03-16T14:24:45.906819Z,2023-09-01T03:00:19.977626Z
57734fa6-e8d7-461e-9857-b3dd8290766f,iPad Air Deluxe,High-quality ipad air deluxe with excellent features and premium build quality. Perfect for tablets enthusiasts.,TAB-8649,True,False,516.45,272,False,6306ee5d-c1ed-4fb9-8c5c-36912be35efa,bb5a7c22-b603-4fb8-a1f9-de5242d9977a,e5509bc3-30aa-48d9-8cda-56ea18934a43,2023-10-02T00:36:48.327305Z,2024-08-24T06:20:12.201898Z
76f9dbfe-16db-4f21-b54d-1aed264b31b2,Surface Pro Basic,High-quality surface pro basic with excellent features and premium build quality. Perfect for tablets enthusiasts.,TAB-2927,True,False,225.99,72,False,4e18f415-a737-43ec-8f90-fd594692acd9,bb5a7c22-b603-4fb8-a1f9-de5242d9977a,f64c1d03-6f27-4ef7-9693-bbe321776c14,2022-08-23T00:39:35.539031Z,2022-12-05T06:34:22.576051Z
ed702a34-6433-4f3c-b28d-2b40dbfce74f,Lenovo Tab Standard,High-quality lenovo tab standard with excellent features and premium build quality. Perfect for tablets enthusiasts.,TAB-5011,True,False,349.09,27,False,a490ea09-378e-417c-913f-574bf3dd15df,bb5a7c22-b603-4fb8-a1f9-de5242d9977a,bd897ccd-697a-44eb-a05f-f9a3b2aed3bc,2023-11-25T17:28:03.136392Z,2023-12-09T15:57:43.052906Z
18ec300c-2356-4501-8c83-eb97907f8843,iPad Air Premium,High-quality ipad air premium with excellent features and premium build quality. Perfect for tablets enthusiasts.,TAB-7421,True,False,813.01,290,False,a490ea09-378e-417c-913f-574bf3dd15df,bb5a7c22-b603-4fb8-a1f9-de5242d9977a,6b3f72d8-eea0-4832-b228-f79230c0efaf,2024-07-02T19:22:19.348475Z,2024-08-21T22:48:42.848612Z
094d4256-9e9e-49b4-8e0b-04efe23b2385,Galaxy Tab Pro,High-quality galaxy tab pro with excellent features and premium build quality. Perfect for tablets enthusiasts.,TAB-8672,True,False,348.3,232,False,4c119361-9235-4ab3-b251-81bb05d34516,bb5a7c22-b603-4fb8-a1f9-de5242d9977a,d5124e5c-7f30-418b-84a2-5c4823626f9f,2024-08-11T15:14:14.150703Z,2024-10-16T11:25:11.733599Z
21c470a2-6193-4233-b865-8a1c38cee4ef,Fire HD,High-quality fire hd with excellent features and premium build quality. Perfect for tablets enthusiasts.,TAB-2070,True,False,381.14,284,False,44d106f0-bb67-460e-a37d-b28baaea21eb,bb5a7c22-b603-4fb8-a1f9-de5242d9977a,cdcccd28-bc43-4e73-a9f8-4b44a214f40f,2024-08-02T05:18:49.365549Z,2024-12-27T04:32:06.425392Z
f715ef9b-5f5d-4433-9633-798abb23c19a,Lenovo Tab Pro,High-quality lenovo tab pro with excellent features and premium build quality. Perfect for tablets enthusiasts.,TAB-5949,True,False,420.64,220,False,6031392e-40b3-4085-8809-12ee5ae637c4,bb5a7c22-b603-4fb8-a1f9-de5242d9977a,5efaa8d3-3350-42c4-8b93-9a855c4dfd4e,2024-04-26T07:39:15.574566Z,2024-06-05T15:24:04.357264Z
6ff61f59-27f5-4f16-8734-10b89e336409,iPad Mini Premium,High-quality ipad mini premium with excellent features and premium build quality. Perfect for tablets enthusiasts.,TAB-6606,False,False,238.46,284,False,6031392e-40b3-4085-8809-12ee5ae637c4,bb5a7c22-b603-4fb8-a1f9-de5242d9977a,96284808-e74c-4dc9-a775-69fc91331e3e,2022-06-09T23:59:45.602080Z,2024-10-12T15:07:37.625030Z
8f34d4de-798d-4fcf-a844-5238cea9f2ea,iPad Air Basic,High-quality ipad air basic with excellent features and premium build quality. Perfect for tablets enthusiasts.,TAB-3886,True,True,155.68,111,False,4e18f415-a737-43ec-8f90-fd594692acd9,bb5a7c22-b603-4fb8-a1f9-de5242d9977a,505ba820-a06f-4bb9-b5ef-b704cf600086,2022-08-11T21:52:38.808812Z,2024-11-27T12:20:31.676320Z
fcc07b49-811d-48d8-8106-5df71cfc523c,HD 650,High-quality hd 650 with excellent features and premium build quality. Perfect for audio & headphones enthusiasts.,AUD-3403,True,False,208.53,406,False,cf91c0b9-59bd-4379-b8dd-002785b6d0a1,a7e0e98d-67c5-4388-8d61-3e3d3680101f,f64c1d03-6f27-4ef7-9693-bbe321776c14,2023-08-20T12:39:36.468881Z,2023-11-28T06:43:56.331976Z
1e659ed4-c21a-45fa-8f88-bb9b1436912a,Beats Studio Standard,High-quality beats studio standard with excellent features and premium build quality. Perfect for audio & headphones enthusiasts.,AUD-8122,True,True,396.59,360,False,b84f3755-1ff3-4bdd-b0f5-299dc11e67d3,a7e0e98d-67c5-4388-8d61-3e3d3680101f,175b54d5-7333-4247-886b-ab08d40810c0,2022-01-17T19:32:25.888811Z,2022-10-05T09:03:23.944846Z
08233bca-8504-454f-a3e5-d28fa111ef7f,HD 650 Deluxe,High-quality hd 650 deluxe with excellent features and premium build quality. Perfect for audio & headphones enthusiasts.,AUD-2797,False,False,352.98,108,False,d17c230b-c040-4bec-9858-0ad93af3e6bd,a7e0e98d-67c5-4388-8d61-3e3d3680101f,d95de9ed-4ca5-4e53-a139-35a02afdb784,2023-04-27T13:44:37.413420Z,2024-03-17T22:24:25.400099Z
d89aab4a-c749-4b42-a5de-85bbf18df14b,Beats Studio Plus,High-quality beats studio plus with excellent features and premium build quality. Perfect for audio & headphones enthusiasts.,AUD-8780,True,False,244.39,369,False,a490ea09-378e-417c-913f-574bf3dd15df,a7e0e98d-67c5-4388-8d61-3e3d3680101f,c81e7de7-1ddf-4267-9ed1-ed40d5fbfbe1,2024-01-08T13:09:18.915129Z,2024-12-16T04:08:00.075231Z
53fd0878-501b-4654-9800-c0f41d8fc01d,JBL Free Premium,High-quality jbl free premium with excellent features and premium build quality. Perfect for audio & headphones enthusiasts.,AUD-3224,False,False,274.78,419,False,4c119361-9235-4ab3-b251-81bb05d34516,a7e0e98d-67c5-4388-8d61-3e3d3680101f,4269b741-747d-4d82-a03e-ff6102a43499,2024-05-01T14:57:50.729169Z,2024-10-02T13:39:11.476467Z
82bbc0b2-55e9-4cea-8601-be4afe2d32fd,JBL Free Premium,High-quality jbl free premium with excellent features and premium build quality. Perfect for audio & headphones enthusiasts.,AUD-6821,True,True,198.66,500,False,027821ec-2fe9-40cf-b483-d2b2ae8597a0,a7e0e98d-67c5-4388-8d61-3e3d3680101f,e4d423e1-bcd7-4afb-9b9e-60ea42662ddd,2022-01-16T18:31:54.766418Z,2023-05-15T22:32:17.430794Z
f013dc6e-c11b-46dd-9e14-2641ead86304,AirPods Pro Basic,High-quality airpods pro basic with excellent features and premium build quality. Perfect for audio & headphones enthusiasts.,AUD-7038,True,False,218.53,241,False,4c119361-9235-4ab3-b251-81bb05d34516,a7e0e98d-67c5-4388-8d61-3e3d3680101f,a50b1992-8de5-4289-a705-10f7756b1610,2022-06-13T04:46:46.551978Z,2024-11-08T08:29:33.082034Z
1647f98e-22e1-44e3-86f6-ac850adecf88,Beats Studio Pro,High-quality beats studio pro with excellent features and premium build quality. Perfect for audio & headphones enthusiasts.,AUD-9834,True,False,159.36,180,False,3c0c8974-9d00-47b5-ace0-561a29118cf4,a7e0e98d-67c5-4388-8d61-3e3d3680101f,a50b1992-8de5-4289-a705-10f7756b1610,2022-04-19T10:34:49.011307Z,2023-08-12T14:32:57.492025Z
8ec7959f-beb5-4e34-b7e8-90215c7ce3fb,Marshall Monitor Standard,High-quality marshall monitor standard with excellent features and premium build quality. Perfect for audio & headphones enthusiasts.,AUD-5738,True,False,293.26,414,False,a490ea09-378e-417c-913f-574bf3dd15df,a7e0e98d-67c5-4388-8d61-3e3d3680101f,28e24c73-fdee-479e-ad4a-c89a4ae1e2fd,2023-09-15T23:50:36.273094Z,2023-10-16T20:30:37.177292Z
a703f494-11dc-4d67-943c-bfa86b3c0b1d,Beats Studio,High-quality beats studio with excellent features and premium build quality. Perfect for audio & headphones enthusiasts.,AUD-5699,True,False,94.38,89,False,44d106f0-bb67-460e-a37d-b28baaea21eb,a7e0e98d-67c5-4388-8d61-3e3d3680101f,34461852-dc24-4d10-ac30-f5d1ec27b9e5,2022-06-07T08:16:08.645710Z,2023-03-21T08:54:16.014892Z
3c974f79-455d-47cd-9d0a-e61f8a6e2b5a,HD 650 Plus,High-quality hd 650 plus with excellent features and premium build quality. Perfect for audio & headphones enthusiasts.,AUD-8317,True,False,141.43,385,False,35110647-31b2-47fe-b290-d75c34e44e59,a7e0e98d-67c5-4388-8d61-3e3d3680101f,8d3b45e6-43eb-419a-a481-4dea6d58504e,2023-04-29T15:11:51.553007Z,2023-06-01T10:05:09.624473Z
7c4ec45f-4cb9-4ddd-b238-167d58d0d224,JBL Free Premium,High-quality jbl free premium with excellent features and premium build quality. Perfect for audio & headphones enthusiasts.,AUD-4898,True,True,304.09,85,False,cf91c0b9-59bd-4379-b8dd-002785b6d0a1,a7e0e98d-67c5-4388-8d61-3e3d3680101f,4378865c-208b-45ce-870a-5cdf750a2101,2022-12-09T06:36:46.882725Z,2023-11-27T01:41:16.792182Z
807f7d13-a059-46b8-8248-1c05047b3387,JBL Free Premium,High-quality jbl free premium with excellent features and premium build quality. Perfect for audio & headphones enthusiasts.,AUD-8802,False,True,311.14,147,False,4e18f415-a737-43ec-8f90-fd594692acd9,a7e0e98d-67c5-4388-8d61-3e3d3680101f,400458bd-7984-4e66-bea7-7547c7d17490,2023-04-24T12:43:45.409018Z,2024-08-21T08:09:33.912552Z
9bf693cc-b1ac-4daa-8ad2-e6f5031137f9,Marshall Monitor Basic,High-quality marshall monitor basic with excellent features and premium build quality. Perfect for audio & headphones enthusiasts.,AUD-7258,True,False,386.61,138,False,cf91c0b9-59bd-4379-b8dd-002785b6d0a1,a7e0e98d-67c5-4388-8d61-3e3d3680101f,ed374d05-cdc4-48e6-ae3d-44676852f9ed,2022-03-26T03:58:34.668387Z,2023-03-23T13:39:58.683740Z
73e594a4-39e1-4cfa-b6b5-299e9f45befd,Ring Doorbell Pro,High-quality ring doorbell pro with excellent features and premium build quality. Perfect for smart home enthusiasts.,SMA-5183,True,False,412.91,280,False,cf91c0b9-59bd-4379-b8dd-002785b6d0a1,4d3c89c4-a374-46bf-9f48-3dda364a1348,a50b1992-8de5-4289-a705-10f7756b1610,2023-05-11T23:43:37.807924Z,2023-11-26T16:21:43.723809Z
39c1ac48-e934-4add-ac52-805c8c56c21c,Echo Dot,High-quality echo dot with excellent features and premium build quality. Perfect for smart home enthusiasts.,SMA-2113,True,False,178.15,47,False,6306ee5d-c1ed-4fb9-8c5c-36912be35efa,4d3c89c4-a374-46bf-9f48-3dda364a1348,716f3320-1e0f-402a-9171-8dabc3dc7d34,2022-08-01T21:28:22.230074Z,2024-08-12T09:16:12.035695Z
563b480a-d429-4b59-b453-656b2cacb7ff,Echo Dot Elite,High-quality echo dot elite with excellent features and premium build quality. Perfect for smart home enthusiasts.,SMA-2995,True,False,169.1,129,False,b84f3755-1ff3-4bdd-b0f5-299dc11e67d3,4d3c89c4-a374-46bf-9f48-3dda364a1348,e21cd177-cf57-4ca5-a93e-64fe0c806d79,2022-09-24T12:42:48.943610Z,2024-07-18T18:51:11.939525Z
2f5ac538-16b9-4116-9157-ffd4a6b54a8d,Smart Thermostat Basic,High-quality smart thermostat basic with excellent features and premium build quality. Perfect for smart home enthusiasts.,SMA-2240,True,True,838.15,195,False,cf91c0b9-59bd-4379-b8dd-002785b6d0a1,4d3c89c4-a374-46bf-9f48-3dda364a1348,d5124e5c-7f30-418b-84a2-5c4823626f9f,2023-07-21T13:44:57.700007Z,2024-06-16T08:10:49.077591Z
2b6f5046-9b25-4174-a68e-718a005364e3,Security Camera Deluxe,High-quality security camera deluxe with excellent features and premium build quality. Perfect for smart home enthusiasts.,SMA-1984,True,False,242.33,393,False,4e18f415-a737-43ec-8f90-fd594692acd9,4d3c89c4-a374-46bf-9f48-3dda364a1348,3124406c-35cc-405e-91d0-808f937e0d3e,2022-05-23T15:59:12.639947Z,2023-06-29T05:41:31.113697Z
53993f68-d2b0-40a6-ad36-13075e1c4e9f,Security Camera Elite,High-quality security camera elite with excellent features and premium build quality. Perfect for smart home enthusiasts.,SMA-2740,True,True,182.62,477,False,44d106f0-bb67-460e-a37d-b28baaea21eb,4d3c89c4-a374-46bf-9f48-3dda364a1348,3124406c-35cc-405e-91d0-808f937e0d3e,2022-05-30T02:36:46.262769Z,2024-08-02T14:01:57.521877Z
a5cb0b65-9e26-4e48-b882-9f9c791c1e51,Echo Dot Premium,High-quality echo dot premium with excellent features and premium build quality. Perfect for smart home enthusiasts.,SMA-5365,True,False,823.68,115,False,a490ea09-378e-417c-913f-574bf3dd15df,4d3c89c4-a374-46bf-9f48-3dda364a1348,6932fe68-6a9b-4b1b-8f18-fdf24d574a18,2022-01-08T16:45:49.514514Z,2024-09-13T13:25:54.763119Z
f033586d-f7ab-4170-899e-25cc3cb300cd,Echo Dot Premium,High-quality echo dot premium with excellent features and premium build quality. Perfect for smart home enthusiasts.,SMA-8898,True,True,528.23,430,False,4c119361-9235-4ab3-b251-81bb05d34516,4d3c89c4-a374-46bf-9f48-3dda364a1348,c18f1f7e-462d-49e3-b775-e22e71098307,2024-01-06T10:43:19.420075Z,2024-02-03T20:41:05.383102Z
93cd6aef-ebe1-4daf-9e22-3ee12618adc3,Security Camera Standard,High-quality security camera standard with excellent features and premium build quality. Perfect for smart home enthusiasts.,SMA-4327,False,True,131.45,453,False,a490ea09-378e-417c-913f-574bf3dd15df,4d3c89c4-a374-46bf-9f48-3dda364a1348,8eaca7f4-2bb1-4da6-84f7-c8b318830aa3,2024-02-26T21:12:19.729685Z,2024-09-12T03:40:44.376712Z
ca635524-b780-43d9-9b3a-3fd3ec36f6c7,Smart Lock Basic,High-quality smart lock basic with excellent features and premium build quality. Perfect for smart home enthusiasts.,SMA-4104,False,True,254.46,18,False,a490ea09-378e-417c-913f-574bf3dd15df,4d3c89c4-a374-46bf-9f48-3dda364a1348,28e24c73-fdee-479e-ad4a-c89a4ae1e2fd,2023-05-04T15:24:04.831247Z,2024-11-07T20:19:31.559876Z
2f6e0a70-7406-42c9-9365-f1155e8170d4,Smart Thermostat,High-quality smart thermostat with excellent features and premium build quality. Perfect for smart home enthusiasts.,SMA-6533,True,True,424.4,376,False,3c0c8974-9d00-47b5-ace0-561a29118cf4,4d3c89c4-a374-46bf-9f48-3dda364a1348,fdb7317b-afc6-43b7-a437-7b8b28d8ec81,2023-03-10T20:42:33.480636Z,2024-09-09T04:47:37.244303Z
eb6d18a0-a72b-4953-a07f-53016ae561fd,Google Nest Basic,High-quality google nest basic with excellent features and premium build quality. Perfect for smart home enthusiasts.,SMA-1312,True,True,136.63,58,False,44d106f0-bb67-460e-a37d-b28baaea21eb,4d3c89c4-a374-46bf-9f48-3dda364a1348,11b637ab-c1b4-4643-ac3e-8ccb00034809,2022-09-25T00:11:40.052384Z,2023-08-05T03:29:39.178980Z
e35aed3b-9ccd-47de-9da2-ff7bc04ed18f,Security Camera Elite,High-quality security camera elite with excellent features and premium build quality. Perfect for smart home enthusiasts.,SMA-2033,True,False,440.96,88,False,3c0c8974-9d00-47b5-ace0-561a29118cf4,4d3c89c4-a374-46bf-9f48-3dda364a1348,5597da9f-fe31-4793-b926-b00377dbffea,2024-04-03T10:07:43.603945Z,2024-06-12T10:53:50.223589Z
5036a415-8d9e-4773-a44c-951eb09e8bab,Smart Thermostat Pro,High-quality smart thermostat pro with excellent features and premium build quality. Perfect for smart home enthusiasts.,SMA-2978,True,True,706.03,405,False,4e18f415-a737-43ec-8f90-fd594692acd9,4d3c89c4-a374-46bf-9f48-3dda364a1348,97fa6f56-c680-4b46-b67c-e2be433ef853,2022-12-11T22:23:35.173021Z,2024-03-04T07:59:37.042675Z
168e8a7d-7631-4215-af23-817e78b4cc64,Ring Doorbell Premium,High-quality ring doorbell premium with excellent features and premium build quality. Perfect for smart home enthusiasts.,SMA-3584,False,False,164.57,105,False,6306ee5d-c1ed-4fb9-8c5c-36912be35efa,4d3c89c4-a374-46bf-9f48-3dda364a1348,a8331afb-e7ac-462f-94b1-8ed13bc9720f,2022-01-15T05:59:05.741071Z,2023-08-19T13:44:51.830724Z
dd1b50cf-8263-4865-9eef-7e3b3510c29d,Google Nest Standard,High-quality google nest standard with excellent features and premium build quality. Perfect for smart home enthusiasts.,SMA-9570,True,False,291.39,178,False,44d106f0-bb67-460e-a37d-b28baaea21eb,4d3c89c4-a374-46bf-9f48-3dda364a1348,716f3320-1e0f-402a-9171-8dabc3dc7d34,2022-12-24T19:44:02.625236Z,2023-06-26T22:31:39.996459Z
08f4417c-d32e-432c-ad30-9f1b516520a3,PlayStation Console Elite,High-quality playstation console elite with excellent features and premium build quality. Perfect for gaming enthusiasts.,GAM-4144,True,True,2448.93,407,False,4c119361-9235-4ab3-b251-81bb05d34516,20fb3870-0f41-4ed1-951e-67196c24fdcc,d446e02d-7856-43f2-a678-59c42195a910,2024-01-12T17:32:14.486765Z,2024-11-27T21:13:17.055646Z
7eff47b7-3ff9-4690-9c17-5662c95eef85,Xbox Controller Basic,High-quality xbox controller basic with excellent features and premium build quality. Perfect for gaming enthusiasts.,GAM-9151,False,True,1774.3,53,False,a490ea09-378e-417c-913f-574bf3dd15df,20fb3870-0f41-4ed1-951e-67196c24fdcc,45bec346-b8df-4dfb-b7d6-63342c7f2e80,2022-03-30T01:41:23.298911Z,2022-10-30T13:16:21.646781Z
40efc5a3-ac3e-4ea7-aaac-b6fa376b2a40,Gaming Chair,High-quality gaming chair with excellent features and premium build quality. Perfect for gaming enthusiasts.,GAM-9804,True,False,2028.07,101,False,a490ea09-378e-417c-913f-574bf3dd15df,20fb3870-0f41-4ed1-951e-67196c24fdcc,45bec346-b8df-4dfb-b7d6-63342c7f2e80,2024-09-20T16:07:04.938558Z,2024-10-20T23:28:37.607924Z
30769e80-510d-4682-98d4-9ae7ea6c5293,Gaming Chair Deluxe,High-quality gaming chair deluxe with excellent features and premium build quality. Perfect for gaming enthusiasts.,GAM-4769,False,False,1017.48,248,False,3c0c8974-9d00-47b5-ace0-561a29118cf4,20fb3870-0f41-4ed1-951e-67196c24fdcc,cdcccd28-bc43-4e73-a9f8-4b44a214f40f,2022-07-20T07:47:26.912141Z,2023-02-09T12:57:14.077101Z
ccbc6fa3-24ae-4d66-98f9-02e823fc2bf1,PlayStation Console Premium,High-quality playstation console premium with excellent features and premium build quality. Perfect for gaming enthusiasts.,GAM-3374,True,False,1300.97,16,False,027821ec-2fe9-40cf-b483-d2b2ae8597a0,20fb3870-0f41-4ed1-951e-67196c24fdcc,d148af9d-43a3-425a-8ef5-e9a48da229e3,2024-03-04T11:08:29.754787Z,2024-06-11T20:22:17.212033Z
d076961e-1d1b-4d7d-aa39-61ef2be064b6,Gaming Chair,High-quality gaming chair with excellent features and premium build quality. Perfect for gaming enthusiasts.,GAM-5597,True,False,2173.62,496,False,a490ea09-378e-417c-913f-574bf3dd15df,20fb3870-0f41-4ed1-951e-67196c24fdcc,cdcccd28-bc43-4e73-a9f8-4b44a214f40f,2024-07-28T13:10:48.360265Z,2024-09-22T09:38:10.827899Z
71768175-68a5-4711-b2f3-34193f7bc5f3,VR Headset Elite,High-quality vr headset elite with excellent features and premium build quality. Perfect for gaming enthusiasts.,GAM-2416,True,False,1376.26,167,False,e76dd95a-832b-4bb3-bbe3-133d87e8f83b,20fb3870-0f41-4ed1-951e-67196c24fdcc,95c156e2-8d1a-4ed2-8522-95c8550c2f12,2023-03-20T18:30:53.485242Z,2023-12-30T00:46:27.771939Z
9e8d79e1-02d9-447c-a7bf-a930629265f1,Gaming Mouse Elite,High-quality gaming mouse elite with excellent features and premium build quality. Perfect for gaming enthusiasts.,GAM-3440,False,True,1219.09,231,False,03346fb7-d26b-40c4-9a2d-3bfa8250274e,20fb3870-0f41-4ed1-951e-67196c24fdcc,de6d31dd-03a3-4225-906a-4041f6cd46ef,2022-04-01T01:30:46.805942Z,2023-08-30T01:27:33.413474Z
7b165a7e-a5ef-48ad-99a6-2f86a26feaf5,Gaming Mouse Elite,High-quality gaming mouse elite with excellent features and premium build quality. Perfect for gaming enthusiasts.,GAM-2361,True,False,1824.94,360,False,6031392e-40b3-4085-8809-12ee5ae637c4,20fb3870-0f41-4ed1-951e-67196c24fdcc,d68c7a10-a8d5-49c6-a2da-e1df40ee1f07,2024-04-12T06:08:22.310158Z,2024-08-12T20:05:01.503088Z
08be7532-5634-4711-8f5d-87bbad608a54,Gaming Mouse,High-quality gaming mouse with excellent features and premium build quality. Perfect for gaming enthusiasts.,GAM-8452,True,False,2223.23,457,False,44d106f0-bb67-460e-a37d-b28baaea21eb,20fb3870-0f41-4ed1-951e-67196c24fdcc,4269b741-747d-4d82-a03e-ff6102a43499,2024-04-10T05:50:55.388414Z,2024-12-03T22:40:00.902176Z
b1aea33f-c70b-4bb3-ac66-7ba963aab2d1,Gaming Chair Deluxe,High-quality gaming chair deluxe with excellent features and premium build quality. Perfect for gaming enthusiasts.,GAM-9698,True,True,1236.97,263,False,6306ee5d-c1ed-4fb9-8c5c-36912be35efa,20fb3870-0f41-4ed1-951e-67196c24fdcc,7c032e66-c9d1-48c2-b6be-4381c9ebfca0,2023-07-07T22:39:34.603171Z,2024-02-04T21:05:39.923635Z
8d266742-2601-4443-a749-72bb8ae21e46,Gaming Chair Deluxe,High-quality gaming chair deluxe with excellent features and premium build quality. Perfect for gaming enthusiasts.,GAM-1844,True,False,1104.29,171,False,4c119361-9235-4ab3-b251-81bb05d34516,20fb3870-0f41-4ed1-951e-67196c24fdcc,90d5a2a9-8eba-4bbb-bc57-d1a8ebbc3972,2022-03-25T11:23:11.679658Z,2023-10-18T22:04:35.743793Z
1880a50a-53c2-4765-8d5d-f260c68da57b,Xbox Controller Pro,High-quality xbox controller pro with excellent features and premium build quality. Perfect for gaming enthusiasts.,GAM-8839,True,True,2216.48,32,False,b84f3755-1ff3-4bdd-b0f5-299dc11e67d3,20fb3870-0f41-4ed1-951e-67196c24fdcc,a50b1992-8de5-4289-a705-10f7756b1610,2023-03-06T23:48:14.336030Z,2024-03-01T08:32:43.443473Z
1c8d8cde-2da7-44f4-9fa6-88d11db03e19,Gaming Keyboard Deluxe,High-quality gaming keyboard deluxe with excellent features and premium build quality. Perfect for gaming enthusiasts.,GAM-8412,True,False,1458.69,456,False,44d106f0-bb67-460e-a37d-b28baaea21eb,20fb3870-0f41-4ed1-951e-67196c24fdcc,665db03a-cf76-420e-aae9-f2fd5b232ed2,2022-09-09T15:45:34.711257Z,2024-03-07T09:28:39.386028Z
0acd8e23-2afc-4bd4-aac5-07e4151a03f9,Gaming Mouse Pro,High-quality gaming mouse pro with excellent features and premium build quality. Perfect for gaming enthusiasts.,GAM-2313,True,False,934.41,487,False,e76dd95a-832b-4bb3-bbe3-133d87e8f83b,20fb3870-0f41-4ed1-951e-67196c24fdcc,8d3b45e6-43eb-419a-a481-4dea6d58504e,2022-06-07T03:10:17.117466Z,2024-05-20T04:31:09.917496Z
f6a25213-23ae-4e96-9c43-e9f54444eef9,Gaming Chair,High-quality gaming chair with excellent features and premium build quality. Perfect for gaming enthusiasts.,GAM-5803,True,False,2349.78,427,False,e76dd95a-832b-4bb3-bbe3-133d87e8f83b,20fb3870-0f41-4ed1-951e-67196c24fdcc,5ac78f0f-fc26-4d7d-bebd-081997cef9b3,2024-08-28T11:26:28.773544Z,2024-11-18T00:18:12.066007Z
d055792c-1100-4430-b53b-28f620152e12,VR Headset Deluxe,High-quality vr headset deluxe with excellent features and premium build quality. Perfect for gaming enthusiasts.,GAM-7745,True,False,1742.66,87,False,03346fb7-d26b-40c4-9a2d-3bfa8250274e,20fb3870-0f41-4ed1-951e-67196c24fdcc,783819c0-0cb5-4ea6-8439-352aa76a1938,2023-10-31T15:37:42.730714Z,2024-07-28T17:28:29.318853Z
5d21817d-bd8d-4c3a-8e30-a6951fa70803,Steam Deck Standard,High-quality steam deck standard with excellent features and premium build quality. Perfect for gaming enthusiasts.,GAM-4715,True,False,2435.58,498,False,44d106f0-bb67-460e-a37d-b28baaea21eb,20fb3870-0f41-4ed1-951e-67196c24fdcc,5fcee1c4-cf73-4d9c-a46d-51e09d8f84e8,2022-04-07T04:22:18.478073Z,2024-12-11T05:39:59.168600Z
a02044a3-ad8d-49c2-8c9b-ffb673646b40,Photo Printer Plus,High-quality photo printer plus with excellent features and premium build quality. Perfect for cameras enthusiasts.,CAM-3641,True,False,132.91,500,False,027821ec-2fe9-40cf-b483-d2b2ae8597a0,78ca245f-4700-41bb-9e13-c28418489683,cdcccd28-bc43-4e73-a9f8-4b44a214f40f,2023-10-11T18:08:28.273056Z,2024-04-17T05:13:35.741484Z
5b0642ff-710e-4889-b254-4170d2ecb9c6,Action Camera Plus,High-quality action camera plus with excellent features and premium build quality. Perfect for cameras enthusiasts.,CAM-7109,False,False,880.36,79,False,44d106f0-bb67-460e-a37d-b28baaea21eb,78ca245f-4700-41bb-9e13-c28418489683,5ac78f0f-fc26-4d7d-bebd-081997cef9b3,2023-09-10T03:58:01.424214Z,2024-12-29T15:49:09.993828Z
9560b98c-336f-48b6-b144-f5707fef8038,DSLR Camera Deluxe,High-quality dslr camera deluxe with excellent features and premium build quality. Perfect for cameras enthusiasts.,CAM-5842,False,True,875.67,71,False,44d106f0-bb67-460e-a37d-b28baaea21eb,78ca245f-4700-41bb-9e13-c28418489683,7c032e66-c9d1-48c2-b6be-4381c9ebfca0,2022-10-29T18:46:58.967093Z,2024-01-24T10:44:07.767180Z
abdaf101-9e5c-49d1-a56a-b15d346f734f,Tripod Pro,High-quality tripod pro with excellent features and premium build quality. Perfect for cameras enthusiasts.,CAM-6047,True,False,594.01,100,False,6306ee5d-c1ed-4fb9-8c5c-36912be35efa,78ca245f-4700-41bb-9e13-c28418489683,505ba820-a06f-4bb9-b5ef-b704cf600086,2023-03-28T14:22:05.342220Z,2023-05-23T19:41:12.611772Z
698d7b76-1a43-41d2-89df-4199c4e8ad70,DSLR Camera Pro,High-quality dslr camera pro with excellent features and premium build quality. Perfect for cameras enthusiasts.,CAM-9821,True,False,641.64,203,False,d17c230b-c040-4bec-9858-0ad93af3e6bd,78ca245f-4700-41bb-9e13-c28418489683,25359bf9-df81-4dbf-ac9b-9e7291892058,2022-06-28T16:25:12.514290Z,2023-05-19T19:38:32.989228Z
2aacf32c-bc30-49a5-88b0-6d2b3fce89b8,Mirrorless Camera Premium,High-quality mirrorless camera premium with excellent features and premium build quality. Perfect for cameras enthusiasts.,CAM-7056,False,False,109.74,411,False,e76dd95a-832b-4bb3-bbe3-133d87e8f83b,78ca245f-4700-41bb-9e13-c28418489683,5fcee1c4-cf73-4d9c-a46d-51e09d8f84e8,2023-12-08T11:19:28.916771Z,2024-09-20T02:13:46.930930Z
8547b0ab-d519-421c-b307-fb6a330e67e5,Instant Camera Standard,High-quality instant camera standard with excellent features and premium build quality. Perfect for cameras enthusiasts.,CAM-3683,True,True,682.87,477,False,3c0c8974-9d00-47b5-ace0-561a29118cf4,78ca245f-4700-41bb-9e13-c28418489683,5fa02a98-5288-413e-b81f-498d87c6fb15,2024-04-28T04:53:37.626981Z,2024-05-20T04:13:19.497667Z
478169f3-ba1d-40f8-95ca-ef0bacfd4302,Camera Lens Premium,High-quality camera lens premium with excellent features and premium build quality. Perfect for cameras enthusiasts.,CAM-2449,True,False,611.03,251,False,6306ee5d-c1ed-4fb9-8c5c-36912be35efa,78ca245f-4700-41bb-9e13-c28418489683,716f3320-1e0f-402a-9171-8dabc3dc7d34,2023-07-14T13:11:35.484567Z,2023-12-01T06:11:53.400314Z
18ab8c3a-7e68-4bb5-841b-4854ec2ba2fa,DSLR Camera Standard,High-quality dslr camera standard with excellent features and premium build quality. Perfect for cameras enthusiasts.,CAM-5979,False,True,691.87,334,False,44d106f0-bb67-460e-a37d-b28baaea21eb,78ca245f-4700-41bb-9e13-c28418489683,8b2e477e-309a-4432-8f86-20cc580e8b4f,2023-04-05T00:50:00.161505Z,2023-12-29T09:40:53.667482Z
bab5bb4a-2ec0-4623-8395-dbde70ff39c3,Tripod Standard,High-quality tripod standard with excellent features and premium build quality. Perfect for cameras enthusiasts.,CAM-7834,False,False,825.42,223,False,a490ea09-378e-417c-913f-574bf3dd15df,78ca245f-4700-41bb-9e13-c28418489683,a8331afb-e7ac-462f-94b1-8ed13bc9720f,2023-05-17T00:07:48.290683Z,2024-10-02T02:38:47.379332Z
363ef7bf-30e4-49fc-b0a3-c1e957ed8e46,Photo Printer Standard,High-quality photo printer standard with excellent features and premium build quality. Perfect for cameras enthusiasts.,CAM-8799,True,False,398.55,83,False,b84f3755-1ff3-4bdd-b0f5-299dc11e67d3,78ca245f-4700-41bb-9e13-c28418489683,e21cd177-cf57-4ca5-a93e-64fe0c806d79,2022-02-05T08:10:37.061352Z,2022-12-01T10:29:56.726959Z
950ec00d-1b5e-4dca-8db1-91fa1187b29e,DSLR Camera Standard,High-quality dslr camera standard with excellent features and premium build quality. Perfect for cameras enthusiasts.,CAM-6917,True,True,829.67,306,False,e76dd95a-832b-4bb3-bbe3-133d87e8f83b,78ca245f-4700-41bb-9e13-c28418489683,c52d5f3e-58f5-4096-906d-c2e5430564a6,2023-12-31T01:18:18.555338Z,2024-11-22T02:32:12.803673Z
0c39abc0-9177-4a13-aa24-5a2ea6588cb5,Photo Printer Plus,High-quality photo printer plus with excellent features and premium build quality. Perfect for cameras enthusiasts.,CAM-9908,True,True,761.45,70,False,35110647-31b2-47fe-b290-d75c34e44e59,78ca245f-4700-41bb-9e13-c28418489683,ed374d05-cdc4-48e6-ae3d-44676852f9ed,2023-09-09T08:43:44.721783Z,2024-03-12T03:34:37.368710Z
6153f3ec-ee5d-4b35-8477-54eed8e9d0b3,Camera Lens Standard,High-quality camera lens standard with excellent features and premium build quality. Perfect for cameras enthusiasts.,CAM-7111,True,False,429.59,235,False,3c0c8974-9d00-47b5-ace0-561a29118cf4,78ca245f-4700-41bb-9e13-c28418489683,a8331afb-e7ac-462f-94b1-8ed13bc9720f,2022-11-30T03:13:09.527835Z,2023-07-14T06:50:57.585792Z
80f8bfb2-e668-4b98-846a-7f0589f3bd91,Apple Watch Plus,High-quality apple watch plus with excellent features and premium build quality. Perfect for wearables enthusiasts.,WEA-1284,True,True,159.04,381,False,44d106f0-bb67-460e-a37d-b28baaea21eb,5bf5efb1-d080-4907-bb5a-60a332bbe9c0,175b54d5-7333-4247-886b-ab08d40810c0,2024-01-13T04:52:28.932945Z,2024-11-13T16:48:21.180572Z
77d0b75b-8c87-48c5-abcd-935d624050e8,Heart Rate Monitor Pro,High-quality heart rate monitor pro with excellent features and premium build quality. Perfect for wearables enthusiasts.,WEA-4643,True,True,290.81,396,False,a490ea09-378e-417c-913f-574bf3dd15df,5bf5efb1-d080-4907-bb5a-60a332bbe9c0,97fa6f56-c680-4b46-b67c-e2be433ef853,2023-09-22T04:13:08.082423Z,2024-04-26T22:48:50.117149Z
cff9b57f-7dea-42b5-9c23-75db5a09e874,Smart Glasses Premium,High-quality smart glasses premium with excellent features and premium build quality. Perfect for wearables enthusiasts.,WEA-1696,True,True,61.47,471,False,027821ec-2fe9-40cf-b483-d2b2ae8597a0,5bf5efb1-d080-4907-bb5a-60a332bbe9c0,e5509bc3-30aa-48d9-8cda-56ea18934a43,2022-05-02T15:07:58.265302Z,2022-06-15T02:19:42.010771Z
aaec88da-bf5c-4215-957e-5cbb3af02199,Health Monitor Elite,High-quality health monitor elite with excellent features and premium build quality. Perfect for wearables enthusiasts.,WEA-4277,True,False,60.23,291,False,a490ea09-378e-417c-913f-574bf3dd15df,5bf5efb1-d080-4907-bb5a-60a332bbe9c0,175b54d5-7333-4247-886b-ab08d40810c0,2022-10-26T23:17:37.364733Z,2023-10-21T05:54:32.818730Z
c151d8af-ea36-4334-aaa9-549643416a8e,Apple Watch Pro,High-quality apple watch pro with excellent features and premium build quality. Perfect for wearables enthusiasts.,WEA-1229,False,False,300.52,357,False,6031392e-40b3-4085-8809-12ee5ae637c4,5bf5efb1-d080-4907-bb5a-60a332bbe9c0,c5106df7-50cd-4f5b-af01-babd61d47491,2023-08-01T05:57:48.563217Z,2023-08-05T23:06:59.224411Z
90a9e14a-1f65-4aff-a859-76baa86ea5b3,Health Monitor Plus,High-quality health monitor plus with excellent features and premium build quality. Perfect for wearables enthusiasts.,WEA-8203,True,False,113.29,56,False,cf91c0b9-59bd-4379-b8dd-002785b6d0a1,5bf5efb1-d080-4907-bb5a-60a332bbe9c0,e5509bc3-30aa-48d9-8cda-56ea18934a43,2023-12-28T12:27:13.539231Z,2024-04-22T13:07:48.329546Z
79a66605-6c2e-4848-8c59-0058cc12a3db,Health Monitor Plus,High-quality health monitor plus with excellent features and premium build quality. Perfect for wearables enthusiasts.,WEA-9123,True,False,296.65,115,False,3c0c8974-9d00-47b5-ace0-561a29118cf4,5bf5efb1-d080-4907-bb5a-60a332bbe9c0,f9679338-b091-4d52-9777-ead685f6ff97,2022-03-25T02:20:31.121343Z,2023-04-23T09:29:38.771934Z
e0d5eda2-7170-48f7-b307-882aa0b5df48,Health Monitor Premium,High-quality health monitor premium with excellent features and premium build quality. Perfect for wearables enthusiasts.,WEA-5761,False,False,116.06,267,False,d17c230b-c040-4bec-9858-0ad93af3e6bd,5bf5efb1-d080-4907-bb5a-60a332bbe9c0,5fa02a98-5288-413e-b81f-498d87c6fb15,2022-05-23T15:43:23.188006Z,2022-06-05T21:31:43.110280Z
9f455ebf-fe8b-4b9d-ba65-01f12f2a7ce0,GPS Watch Pro,High-quality gps watch pro with excellent features and premium build quality. Perfect for wearables enthusiasts.,WEA-2953,False,True,190.21,119,False,a490ea09-378e-417c-913f-574bf3dd15df,5bf5efb1-d080-4907-bb5a-60a332bbe9c0,5ae10fde-f8f6-439f-861f-772e7b5c7312,2022-07-28T23:59:57.176919Z,2022-10-02T11:12:21.209991Z
938f13bb-7a3d-4850-86b8-6abd45e3d509,Heart Rate Monitor Premium,High-quality heart rate monitor premium with excellent features and premium build quality. Perfect for wearables enthusiasts.,WEA-9177,False,True,257.77,62,False,4e18f415-a737-43ec-8f90-fd594692acd9,5bf5efb1-d080-4907-bb5a-60a332bbe9c0,a50b1992-8de5-4289-a705-10f7756b1610,2024-03-30T11:30:42.632464Z,2024-10-23T15:32:17.154532Z
8e93c4c9-3182-4c61-96da-36cd10ed3f77,Smart Ring Basic,High-quality smart ring basic with excellent features and premium build quality. Perfect for wearables enthusiasts.,WEA-9147,False,False,379.83,347,False,027821ec-2fe9-40cf-b483-d2b2ae8597a0,5bf5efb1-d080-4907-bb5a-60a332bbe9c0,9cafa6f3-89e6-46ee-867f-432fad8c5d03,2022-03-02T03:47:03.870645Z,2022-07-19T15:43:01.187795Z
60d5206f-c108-4486-88c2-36042c81851c,Smart Ring Plus,High-quality smart ring plus with excellent features and premium build quality. Perfect for wearables enthusiasts.,WEA-5960,False,False,83.71,258,False,03346fb7-d26b-40c4-9a2d-3bfa8250274e,5bf5efb1-d080-4907-bb5a-60a332bbe9c0,11b637ab-c1b4-4643-ac3e-8ccb00034809,2022-06-06T21:48:33.804857Z,2023-10-23T14:12:18.694255Z
2dfcedf0-37c3-4f7a-808e-d81fe33b8005,Smart Ring Deluxe,High-quality smart ring deluxe with excellent features and premium build quality. Perfect for wearables enthusiasts.,WEA-9856,False,False,383.39,18,False,6031392e-40b3-4085-8809-12ee5ae637c4,5bf5efb1-d080-4907-bb5a-60a332bbe9c0,5f031b9e-0c38-43a0-b1db-5992596dc5a2,2022-03-06T13:56:58.124921Z,2024-04-29T14:20:54.394617Z
b1e11c29-6bef-4e90-9177-b07b772e92d5,Dress Shirt Standard,High-quality dress shirt standard with excellent features and premium build quality. Perfect for men's clothing enthusiasts.,MEN-3689,False,False,48.99,287,False,44d106f0-bb67-460e-a37d-b28baaea21eb,5d9c0c2c-58bd-4147-b3d7-31d0ecbcaed8,3a1760d7-5720-4046-89e2-c2c000d83bb3,2024-09-25T03:36:43.514382Z,2024-12-18T17:43:34.600005Z
5ca04615-5a96-49ee-8f26-bb1ea11854f7,Hoodie Plus,High-quality hoodie plus with excellent features and premium build quality. Perfect for men's clothing enthusiasts.,MEN-9301,True,False,86.37,13,False,6306ee5d-c1ed-4fb9-8c5c-36912be35efa,5d9c0c2c-58bd-4147-b3d7-31d0ecbcaed8,5ae10fde-f8f6-439f-861f-772e7b5c7312,2023-12-24T09:20:03.029514Z,2024-10-21T01:08:53.384208Z
5fa56508-25c8-49f0-bd32-49dff94802e1,Hoodie Deluxe,High-quality hoodie deluxe with excellent features and premium build quality. Perfect for men's clothing enthusiasts.,MEN-7235,True,True,110.08,444,False,4c119361-9235-4ab3-b251-81bb05d34516,5d9c0c2c-58bd-4147-b3d7-31d0ecbcaed8,5fa02a98-5288-413e-b81f-498d87c6fb15,2024-04-23T11:03:42.256092Z,2024-06-25T07:41:19.621314Z
a6efe868-4059-44e4-824d-35a981fd4caa,Polo Shirt Pro,High-quality polo shirt pro with excellent features and premium build quality. Perfect for men's clothing enthusiasts.,MEN-6531,False,False,166.13,11,True,a490ea09-378e-417c-913f-574bf3dd15df,5d9c0c2c-58bd-4147-b3d7-31d0ecbcaed8,5f031b9e-0c38-43a0-b1db-5992596dc5a2,2024-08-01T21:55:27.595642Z,2024-12-10T13:17:01.729765Z
719a940d-b31a-465d-a33b-66407cc085a7,Polo Shirt Premium,High-quality polo shirt premium with excellent features and premium build quality. Perfect for men's clothing enthusiasts.,MEN-7394,True,False,38.33,314,False,35110647-31b2-47fe-b290-d75c34e44e59,5d9c0c2c-58bd-4147-b3d7-31d0ecbcaed8,5004fa29-50c8-4cd4-ba8f-f70426f069c8,2022-07-24T22:43:13.352287Z,2023-12-14T16:51:48.699806Z
88aead94-42f6-4f0b-b998-bd1dd02907ca,Polo Shirt Deluxe,High-quality polo shirt deluxe with excellent features and premium build quality. Perfect for men's clothing enthusiasts.,MEN-8143,True,False,194.27,48,True,027821ec-2fe9-40cf-b483-d2b2ae8597a0,5d9c0c2c-58bd-4147-b3d7-31d0ecbcaed8,64ccb899-5dd6-4100-9ece-c1648b3e1282,2023-03-15T09:16:03.311762Z,2024-10-22T12:51:14.654911Z
8382c2df-10df-4f94-9c49-cc15004b8f1b,Button-up Deluxe,High-quality button-up deluxe with excellent features and premium build quality. Perfect for men's clothing enthusiasts.,MEN-5478,False,False,242.33,160,False,4c119361-9235-4ab3-b251-81bb05d34516,5d9c0c2c-58bd-4147-b3d7-31d0ecbcaed8,c18f1f7e-462d-49e3-b775-e22e71098307,2024-05-24T06:22:50.080385Z,2024-11-06T09:32:51.314477Z
f7afd3d5-f595-4923-8609-a7a597914da3,Dress Shirt Premium,High-quality dress shirt premium with excellent features and premium build quality. Perfect for men's clothing enthusiasts.,MEN-7591,False,False,159.45,479,True,4e18f415-a737-43ec-8f90-fd594692acd9,5d9c0c2c-58bd-4147-b3d7-31d0ecbcaed8,11b637ab-c1b4-4643-ac3e-8ccb00034809,2022-02-08T20:45:33.904616Z,2023-02-25T18:31:13.692905Z
cb5e166d-dc41-41ce-bd8d-f3868da1e5e0,Sweater Premium,High-quality sweater premium with excellent features and premium build quality. Perfect for men's clothing enthusiasts.,MEN-1981,True,False,115.63,433,True,6031392e-40b3-4085-8809-12ee5ae637c4,5d9c0c2c-58bd-4147-b3d7-31d0ecbcaed8,5597da9f-fe31-4793-b926-b00377dbffea,2023-05-08T04:47:43.802716Z,2024-03-10T13:26:20.901970Z
17154c1e-69ac-40af-9ae3-5216484d15de,Henley Standard,High-quality henley standard with excellent features and premium build quality. Perfect for men's clothing enthusiasts.,MEN-5702,False,False,84.36,286,True,cf91c0b9-59bd-4379-b8dd-002785b6d0a1,5d9c0c2c-58bd-4147-b3d7-31d0ecbcaed8,45bec346-b8df-4dfb-b7d6-63342c7f2e80,2024-04-11T07:07:09.201238Z,2024-04-25T07:51:52.325625Z
673a05fd-f773-478c-8ed6-f37485cf716d,Henley Premium,High-quality henley premium with excellent features and premium build quality. Perfect for men's clothing enthusiasts.,MEN-1606,True,True,89.08,160,True,027821ec-2fe9-40cf-b483-d2b2ae8597a0,5d9c0c2c-58bd-4147-b3d7-31d0ecbcaed8,45bec346-b8df-4dfb-b7d6-63342c7f2e80,2023-06-14T08:42:35.184533Z,2023-07-27T23:31:50.020875Z
f7de761f-29f6-4cee-8db2-ebb8f5932aa0,Button-up Standard,High-quality button-up standard with excellent features and premium build quality. Perfect for men's clothing enthusiasts.,MEN-2041,True,False,204.77,340,True,e76dd95a-832b-4bb3-bbe3-133d87e8f83b,5d9c0c2c-58bd-4147-b3d7-31d0ecbcaed8,f9679338-b091-4d52-9777-ead685f6ff97,2024-03-23T23:53:08.247507Z,2024-05-19T18:47:32.978253Z
dbbb710f-7d10-4704-91ca-86b9cb893334,Sweater Basic,High-quality sweater basic with excellent features and premium build quality. Perfect for women's clothing enthusiasts.,WOM-2478,True,False,45.45,54,False,027821ec-2fe9-40cf-b483-d2b2ae8597a0,d45f771f-60c5-4967-9266-51bcbe1675b9,6b3f72d8-eea0-4832-b228-f79230c0efaf,2023-11-06T18:47:24.844986Z,2024-11-23T23:15:59.443410Z
cad8160a-185e-44a1-99d7-9e208353217f,Blouse Elite,High-quality blouse elite with excellent features and premium build quality. Perfect for women's clothing enthusiasts.,WOM-5498,True,False,83.74,450,True,44d106f0-bb67-460e-a37d-b28baaea21eb,d45f771f-60c5-4967-9266-51bcbe1675b9,716f3320-1e0f-402a-9171-8dabc3dc7d34,2024-10-01T17:23:44.994795Z,2024-10-15T10:34:27.497920Z
14028d7c-80a0-4a4a-92d6-490e0773a40e,Cardigan Plus,High-quality cardigan plus with excellent features and premium build quality. Perfect for women's clothing enthusiasts.,WOM-6947,True,False,248.19,282,True,44d106f0-bb67-460e-a37d-b28baaea21eb,d45f771f-60c5-4967-9266-51bcbe1675b9,5fcee1c4-cf73-4d9c-a46d-51e09d8f84e8,2022-03-13T23:42:51.986550Z,2022-05-07T22:58:50.704222Z
7454e4a1-bc2c-4330-8aff-7301516b1a2b,Skinny Jeans Standard,High-quality skinny jeans standard with excellent features and premium build quality. Perfect for women's clothing enthusiasts.,WOM-6945,True,False,165.11,107,True,3c0c8974-9d00-47b5-ace0-561a29118cf4,d45f771f-60c5-4967-9266-51bcbe1675b9,e21cd177-cf57-4ca5-a93e-64fe0c806d79,2024-06-25T12:00:58.412064Z,2024-08-29T09:05:59.862671Z
ed829c60-c2c4-4414-9a52-9e4746e4ec9a,Cardigan Plus,High-quality cardigan plus with excellent features and premium build quality. Perfect for women's clothing enthusiasts.,WOM-8190,True,False,265.04,448,False,cf91c0b9-59bd-4379-b8dd-002785b6d0a1,d45f771f-60c5-4967-9266-51bcbe1675b9,ed374d05-cdc4-48e6-ae3d-44676852f9ed,2022-03-11T08:55:05.863185Z,2024-12-11T15:47:26.971502Z
8b32c096-ee25-4c93-899b-0d4e61517670,Cardigan Pro,High-quality cardigan pro with excellent features and premium build quality. Perfect for women's clothing enthusiasts.,WOM-3627,True,False,156.83,322,False,b84f3755-1ff3-4bdd-b0f5-299dc11e67d3,d45f771f-60c5-4967-9266-51bcbe1675b9,3124406c-35cc-405e-91d0-808f937e0d3e,2024-05-11T19:46:52.574334Z,2024-11-15T10:29:44.028679Z
e8b88fb0-a423-4050-9953-fcc7cd761c6b,Skinny Jeans Plus,High-quality skinny jeans plus with excellent features and premium build quality. Perfect for women's clothing enthusiasts.,WOM-1050,False,False,192.2,231,False,e76dd95a-832b-4bb3-bbe3-133d87e8f83b,d45f771f-60c5-4967-9266-51bcbe1675b9,5597da9f-fe31-4793-b926-b00377dbffea,2022-06-18T03:10:15.541448Z,2024-06-17T20:48:08.888102Z
2c518d6a-d835-453d-906d-62705492c00e,Skinny Jeans Plus,High-quality skinny jeans plus with excellent features and premium build quality. Perfect for women's clothing enthusiasts.,WOM-5270,True,True,249.75,485,False,a490ea09-378e-417c-913f-574bf3dd15df,d45f771f-60c5-4967-9266-51bcbe1675b9,c754e1df-5783-44b7-983c-49096042ec1d,2023-02-11T02:26:23.190724Z,2024-03-19T12:53:56.598097Z
485a1789-7c4e-41f4-a388-812dc74f6905,Summer Dress Elite,High-quality summer dress elite with excellent features and premium build quality. Perfect for women's clothing enthusiasts.,WOM-2457,True,True,85.91,367,True,44d106f0-bb67-460e-a37d-b28baaea21eb,d45f771f-60c5-4967-9266-51bcbe1675b9,5597da9f-fe31-4793-b926-b00377dbffea,2022-04-12T12:39:27.629557Z,2023-01-03T04:05:23.178386Z
3450138b-48be-46cc-b32a-164cb1d7fc22,Leggings Premium,High-quality leggings premium with excellent features and premium build quality. Perfect for women's clothing enthusiasts.,WOM-8433,True,False,44.36,372,True,d17c230b-c040-4bec-9858-0ad93af3e6bd,d45f771f-60c5-4967-9266-51bcbe1675b9,64ccb899-5dd6-4100-9ece-c1648b3e1282,2023-01-26T08:18:47.518172Z,2024-02-21T04:27:54.216642Z
5369328c-d9e8-446a-bde3-a0ec7c79627a,Blazer Elite,High-quality blazer elite with excellent features and premium build quality. Perfect for women's clothing enthusiasts.,WOM-7853,False,True,239.8,5,True,a490ea09-378e-417c-913f-574bf3dd15df,d45f771f-60c5-4967-9266-51bcbe1675b9,716f3320-1e0f-402a-9171-8dabc3dc7d34,2023-08-18T08:15:39.472883Z,2024-11-24T07:23:37.717506Z
7a259f86-49f3-47ee-83af-82df83744b5c,Skinny Jeans Plus,High-quality skinny jeans plus with excellent features and premium build quality. Perfect for women's clothing enthusiasts.,WOM-6296,True,False,209.18,465,False,b84f3755-1ff3-4bdd-b0f5-299dc11e67d3,d45f771f-60c5-4967-9266-51bcbe1675b9,5ae10fde-f8f6-439f-861f-772e7b5c7312,2024-05-16T23:38:16.076604Z,2024-06-09T17:03:03.349031Z
7850c2ac-abe3-4747-a59a-3f6721792939,Sweater,High-quality sweater with excellent features and premium build quality. Perfect for women's clothing enthusiasts.,WOM-1087,False,False,189.69,449,False,4e18f415-a737-43ec-8f90-fd594692acd9,d45f771f-60c5-4967-9266-51bcbe1675b9,665db03a-cf76-420e-aae9-f2fd5b232ed2,2024-03-19T21:23:08.935566Z,2024-04-09T18:11:16.178117Z
9a190be6-d118-4bb7-9667-f52bba6bcda2,Skinny Jeans Plus,High-quality skinny jeans plus with excellent features and premium build quality. Perfect for women's clothing enthusiasts.,WOM-2468,False,False,135.54,462,False,35110647-31b2-47fe-b290-d75c34e44e59,d45f771f-60c5-4967-9266-51bcbe1675b9,d446e02d-7856-43f2-a678-59c42195a910,2022-08-28T10:02:08.523460Z,2024-12-29T08:47:23.971229Z
a9fbfa3e-2c9d-447c-8c32-69ae329cff8e,Sweater Standard,High-quality sweater standard with excellent features and premium build quality. Perfect for women's clothing enthusiasts.,WOM-9470,True,False,268.86,27,False,35110647-31b2-47fe-b290-d75c34e44e59,d45f771f-60c5-4967-9266-51bcbe1675b9,3a1760d7-5720-4046-89e2-c2c000d83bb3,2024-10-03T04:35:54.967681Z,2024-12-26T20:51:28.055807Z
6dc11c93-110b-468d-b4ca-b46fbc7d5bac,Blouse Plus,High-quality blouse plus with excellent features and premium build quality. Perfect for women's clothing enthusiasts.,WOM-1587,False,False,57.42,252,False,44d106f0-bb67-460e-a37d-b28baaea21eb,d45f771f-60c5-4967-9266-51bcbe1675b9,3124406c-35cc-405e-91d0-808f937e0d3e,2024-06-12T03:57:59.518951Z,2024-06-22T14:22:45.588098Z
e64d0e13-600a-41fb-8ba3-3900e982b99e,Summer Dress Plus,High-quality summer dress plus with excellent features and premium build quality. Perfect for women's clothing enthusiasts.,WOM-3025,True,False,69.07,497,False,35110647-31b2-47fe-b290-d75c34e44e59,d45f771f-60c5-4967-9266-51bcbe1675b9,33ba3521-03b0-4316-aaa4-036b9c9febe0,2023-01-05T05:47:32.862529Z,2023-10-11T18:57:42.614127Z
47774a60-e5bd-4e10-ad83-3e1e679c4e62,Summer Dress Plus,High-quality summer dress plus with excellent features and premium build quality. Perfect for women's clothing enthusiasts.,WOM-7822,True,False,232.78,78,True,4c119361-9235-4ab3-b251-81bb05d34516,d45f771f-60c5-4967-9266-51bcbe1675b9,394443c6-ec5d-4b6b-9279-dbfb519edafb,2023-11-05T00:18:43.713702Z,2024-01-06T12:23:37.974282Z
3d87c73c-2648-4298-a151-d082a53aaf4f,Summer Dress Pro,High-quality summer dress pro with excellent features and premium build quality. Perfect for women's clothing enthusiasts.,WOM-8540,True,False,149.15,441,False,d17c230b-c040-4bec-9858-0ad93af3e6bd,d45f771f-60c5-4967-9266-51bcbe1675b9,f7a14e15-6d54-4621-b589-e71378d01c71,2022-01-12T10:02:41.652596Z,2024-07-27T10:46:46.950930Z
7241525b-2702-4832-8d94-cafbe821ca0e,Summer Dress Standard,High-quality summer dress standard with excellent features and premium build quality. Perfect for women's clothing enthusiasts.,WOM-6294,True,False,225.69,198,False,3c0c8974-9d00-47b5-ace0-561a29118cf4,d45f771f-60c5-4967-9266-51bcbe1675b9,cae622d0-d486-4bdf-8d26-da45d67b7c50,2022-07-09T12:16:11.251742Z,2024-09-05T12:05:01.893749Z
b51b0220-1ab3-4a75-8f3b-963a9f529af8,Play Dress Plus,High-quality play dress plus with excellent features and premium build quality. Perfect for kids' clothing enthusiasts.,KID-2975,False,False,242.31,137,False,4e18f415-a737-43ec-8f90-fd594692acd9,a058945c-5aa9-4498-8c5f-aadd782030b8,a8331afb-e7ac-462f-94b1-8ed13bc9720f,2022-09-26T11:42:06.872470Z,2023-10-07T16:12:31.467080Z
5365f210-13b2-4e0b-aed5-835d61e95028,Pajama Set Premium,High-quality pajama set premium with excellent features and premium build quality. Perfect for kids' clothing enthusiasts.,KID-2478,True,False,245.18,269,True,3c0c8974-9d00-47b5-ace0-561a29118cf4,a058945c-5aa9-4498-8c5f-aadd782030b8,5fa02a98-5288-413e-b81f-498d87c6fb15,2024-06-08T20:27:05.042402Z,2024-10-17T10:29:43.235122Z
ffcc3f59-cb43-490f-b2f4-e014ca8d7aa8,Hoodie Pro,High-quality hoodie pro with excellent features and premium build quality. Perfect for kids' clothing enthusiasts.,KID-5762,True,False,32.95,39,False,44d106f0-bb67-460e-a37d-b28baaea21eb,a058945c-5aa9-4498-8c5f-aadd782030b8,3a1760d7-5720-4046-89e2-c2c000d83bb3,2023-09-08T04:08:43.946763Z,2024-02-08T07:33:27.309834Z
90a91fdc-1e8a-4319-b28c-e96136230fd1,Kids T-Shirt Pro,High-quality kids t-shirt pro with excellent features and premium build quality. Perfect for kids' clothing enthusiasts.,KID-9366,False,False,37.39,402,False,e76dd95a-832b-4bb3-bbe3-133d87e8f83b,a058945c-5aa9-4498-8c5f-aadd782030b8,716f3320-1e0f-402a-9171-8dabc3dc7d34,2023-12-29T08:37:05.805984Z,2024-09-11T00:07:47.693715Z
4849d0d9-9c42-48f8-b89b-05d93024bd0b,School Uniform Premium,High-quality school uniform premium with excellent features and premium build quality. Perfect for kids' clothing enthusiasts.,KID-1741,True,False,264.25,108,False,4c119361-9235-4ab3-b251-81bb05d34516,a058945c-5aa9-4498-8c5f-aadd782030b8,c3287722-665e-4f08-8fc2-599c07ad58a5,2023-10-05T18:46:29.794143Z,2024-09-12T14:39:51.277950Z
06772580-6ae0-470b-8569-35ff1ee023a6,School Uniform Pro,High-quality school uniform pro with excellent features and premium build quality. Perfect for kids' clothing enthusiasts.,KID-5248,False,False,135.79,316,True,d17c230b-c040-4bec-9858-0ad93af3e6bd,a058945c-5aa9-4498-8c5f-aadd782030b8,e5509bc3-30aa-48d9-8cda-56ea18934a43,2022-01-12T12:07:00.180077Z,2024-09-15T14:44:25.910982Z
d0ccf8cb-1830-4252-8269-d62dc4b9ccb7,Romper Deluxe,High-quality romper deluxe with excellent features and premium build quality. Perfect for kids' clothing enthusiasts.,KID-7471,True,False,35.4,223,True,3c0c8974-9d00-47b5-ace0-561a29118cf4,a058945c-5aa9-4498-8c5f-aadd782030b8,a5868675-48ac-4741-9718-f349320d9f76,2022-01-29T06:07:52.016656Z,2023-02-18T00:13:30.680130Z
bff15058-aeaa-48d6-a52f-12d1f1af9b4c,Romper Elite,High-quality romper elite with excellent features and premium build quality. Perfect for kids' clothing enthusiasts.,KID-2410,False,False,52.96,124,False,4e18f415-a737-43ec-8f90-fd594692acd9,a058945c-5aa9-4498-8c5f-aadd782030b8,5efaa8d3-3350-42c4-8b93-9a855c4dfd4e,2022-02-14T03:10:57.159826Z,2024-08-13T15:30:01.901561Z
5a0a9f00-f912-4634-8433-d903b837d6f7,School Uniform Standard,High-quality school uniform standard with excellent features and premium build quality. Perfect for kids' clothing enthusiasts.,KID-7418,False,False,12.27,262,False,6306ee5d-c1ed-4fb9-8c5c-36912be35efa,a058945c-5aa9-4498-8c5f-aadd782030b8,6932fe68-6a9b-4b1b-8f18-fdf24d574a18,2024-05-01T15:47:37.624783Z,2024-11-04T17:18:02.511177Z
f6b4a8de-62d0-4d49-8433-8c47e9448c68,Pajama Set Basic,High-quality pajama set basic with excellent features and premium build quality. Perfect for kids' clothing enthusiasts.,KID-4799,False,False,163.2,480,False,b84f3755-1ff3-4bdd-b0f5-299dc11e67d3,a058945c-5aa9-4498-8c5f-aadd782030b8,cae622d0-d486-4bdf-8d26-da45d67b7c50,2023-10-09T17:04:17.936249Z,2024-09-04T13:56:30.122621Z
27718268-0ec6-4920-b76c-57c48dabf9a2,Hoodie Deluxe,High-quality hoodie deluxe with excellent features and premium build quality. Perfect for kids' clothing enthusiasts.,KID-8345,True,False,16.02,436,False,b84f3755-1ff3-4bdd-b0f5-299dc11e67d3,a058945c-5aa9-4498-8c5f-aadd782030b8,3a1760d7-5720-4046-89e2-c2c000d83bb3,2023-01-29T15:22:28.243377Z,2024-07-01T07:37:58.718247Z
31d1fa3d-74db-44df-801a-c67298c5c5bb,Romper Basic,High-quality romper basic with excellent features and premium build quality. Perfect for kids' clothing enthusiasts.,KID-3148,True,False,288.33,102,False,4e18f415-a737-43ec-8f90-fd594692acd9,a058945c-5aa9-4498-8c5f-aadd782030b8,90d5a2a9-8eba-4bbb-bc57-d1a8ebbc3972,2024-08-25T05:39:13.296177Z,2024-11-21T23:05:42.506346Z
d248e243-4f4d-43ef-baa7-d9ff026ab3cd,School Uniform Basic,High-quality school uniform basic with excellent features and premium build quality. Perfect for kids' clothing enthusiasts.,KID-2653,True,False,283.48,423,False,3c0c8974-9d00-47b5-ace0-561a29118cf4,a058945c-5aa9-4498-8c5f-aadd782030b8,c3287722-665e-4f08-8fc2-599c07ad58a5,2023-09-14T07:13:35.049334Z,2023-09-23T11:56:16.374387Z
bedc29a4-2e11-440f-b154-2b671b079820,Romper,High-quality romper with excellent features and premium build quality. Perfect for kids' clothing enthusiasts.,KID-2043,True,False,43.04,436,True,35110647-31b2-47fe-b290-d75c34e44e59,a058945c-5aa9-4498-8c5f-aadd782030b8,3a1760d7-5720-4046-89e2-c2c000d83bb3,2022-09-05T17:14:31.270346Z,2023-08-19T11:49:02.807503Z
f19accb2-9359-45ab-b88d-80303ff139c9,Hoodie Pro,High-quality hoodie pro with excellent features and premium build quality. Perfect for kids' clothing enthusiasts.,KID-1826,True,True,289.16,445,True,44d106f0-bb67-460e-a37d-b28baaea21eb,a058945c-5aa9-4498-8c5f-aadd782030b8,d5124e5c-7f30-418b-84a2-5c4823626f9f,2022-08-05T19:39:50.900084Z,2022-11-17T17:02:32.110531Z
68db4103-e11f-40bf-8f10-d9bec8df67c3,School Uniform Deluxe,High-quality school uniform deluxe with excellent features and premium build quality. Perfect for kids' clothing enthusiasts.,KID-3572,False,False,215.36,393,False,b84f3755-1ff3-4bdd-b0f5-299dc11e67d3,a058945c-5aa9-4498-8c5f-aadd782030b8,7c032e66-c9d1-48c2-b6be-4381c9ebfca0,2022-07-23T04:41:23.350861Z,2024-11-07T04:07:54.211697Z
d636cf16-f1f7-485b-80b1-dc82533e22cd,Romper,High-quality romper with excellent features and premium build quality. Perfect for kids' clothing enthusiasts.,KID-5019,True,False,108.97,215,True,d17c230b-c040-4bec-9858-0ad93af3e6bd,a058945c-5aa9-4498-8c5f-aadd782030b8,400458bd-7984-4e66-bea7-7547c7d17490,2022-06-24T08:23:45.791512Z,2023-08-22T11:40:42.257374Z
ce0950ac-cd47-46fa-b392-d2d4b8169c2b,Romper Elite,High-quality romper elite with excellent features and premium build quality. Perfect for kids' clothing enthusiasts.,KID-3260,True,True,129.88,173,False,3c0c8974-9d00-47b5-ace0-561a29118cf4,a058945c-5aa9-4498-8c5f-aadd782030b8,5fa02a98-5288-413e-b81f-498d87c6fb15,2024-07-28T16:50:43.379347Z,2024-08-04T14:09:49.010431Z
d386e7da-38e6-438f-a04b-b7848ff2f491,Boots Plus,High-quality boots plus with excellent features and premium build quality. Perfect for shoes enthusiasts.,SHO-8111,True,False,156.64,465,True,6306ee5d-c1ed-4fb9-8c5c-36912be35efa,6a6ea15f-4e65-4e5e-8cf5-2005f8dd5f9e,5ae10fde-f8f6-439f-861f-772e7b5c7312,2022-04-29T20:45:51.692439Z,2024-10-11T16:18:26.421530Z
a6bbcd06-20b8-4a3d-9da9-40edf0bb4773,Dress Shoes,High-quality dress shoes with excellent features and premium build quality. Perfect for shoes enthusiasts.,SHO-5583,True,False,185.67,397,False,6031392e-40b3-4085-8809-12ee5ae637c4,6a6ea15f-4e65-4e5e-8cf5-2005f8dd5f9e,d148af9d-43a3-425a-8ef5-e9a48da229e3,2024-07-02T20:13:56.570871Z,2024-12-08T19:41:28.731351Z
d3ec9408-e526-4d07-beae-d0651f6f29bb,Sneakers Standard,High-quality sneakers standard with excellent features and premium build quality. Perfect for shoes enthusiasts.,SHO-2380,True,True,80.2,14,True,6306ee5d-c1ed-4fb9-8c5c-36912be35efa,6a6ea15f-4e65-4e5e-8cf5-2005f8dd5f9e,9dd1ea85-ed4f-45a7-b239-d9f58b12b143,2023-08-05T06:05:32.578589Z,2024-06-19T16:21:48.666564Z
21048970-bd7c-4b72-a94f-4b6873c5f282,Loafers Standard,High-quality loafers standard with excellent features and premium build quality. Perfect for shoes enthusiasts.,SHO-4954,True,False,150.76,152,True,d17c230b-c040-4bec-9858-0ad93af3e6bd,6a6ea15f-4e65-4e5e-8cf5-2005f8dd5f9e,a5868675-48ac-4741-9718-f349320d9f76,2022-05-03T11:16:40.532151Z,2023-04-30T03:03:48.682583Z
700b8669-db69-4d55-963f-19d179606a1c,Sandals,High-quality sandals with excellent features and premium build quality. Perfect for shoes enthusiasts.,SHO-8424,False,False,164.96,377,True,35110647-31b2-47fe-b290-d75c34e44e59,6a6ea15f-4e65-4e5e-8cf5-2005f8dd5f9e,96284808-e74c-4dc9-a775-69fc91331e3e,2023-12-19T09:18:42.822911Z,2024-12-19T18:43:08.749051Z
3810feac-292b-4968-96a8-905a8965e4b0,Sneakers Pro,High-quality sneakers pro with excellent features and premium build quality. Perfect for shoes enthusiasts.,SHO-6371,True,False,54.65,109,False,6031392e-40b3-4085-8809-12ee5ae637c4,6a6ea15f-4e65-4e5e-8cf5-2005f8dd5f9e,a50b1992-8de5-4289-a705-10f7756b1610,2024-07-19T03:09:45.446370Z,2024-11-01T02:05:03.445526Z
b76c0480-a3a5-435e-bec7-461fcb4f84e3,Boots Pro,High-quality boots pro with excellent features and premium build quality. Perfect for shoes enthusiasts.,SHO-7050,False,False,92.49,73,False,cf91c0b9-59bd-4379-b8dd-002785b6d0a1,6a6ea15f-4e65-4e5e-8cf5-2005f8dd5f9e,d446e02d-7856-43f2-a678-59c42195a910,2023-06-25T18:31:40.443990Z,2024-09-17T22:59:31.767260Z
cdeacc4a-ab67-466c-a5fd-f2e08cdf7e69,Sandals Plus,High-quality sandals plus with excellent features and premium build quality. Perfect for shoes enthusiasts.,SHO-8942,True,False,43.28,436,True,b84f3755-1ff3-4bdd-b0f5-299dc11e67d3,6a6ea15f-4e65-4e5e-8cf5-2005f8dd5f9e,d5124e5c-7f30-418b-84a2-5c4823626f9f,2023-03-12T14:30:02.782758Z,2023-08-19T17:23:58.998057Z
97910842-c7ba-4f9a-a2cd-c31dd85b2e77,Boots Pro,High-quality boots pro with excellent features and premium build quality. Perfect for shoes enthusiasts.,SHO-2980,True,False,72.12,215,True,35110647-31b2-47fe-b290-d75c34e44e59,6a6ea15f-4e65-4e5e-8cf5-2005f8dd5f9e,5004fa29-50c8-4cd4-ba8f-f70426f069c8,2022-08-30T11:19:23.317991Z,2023-06-27T15:01:50.149809Z
0d0eabe6-da39-4d9b-b6ce-b09ebd687175,Running Shoes Standard,High-quality running shoes standard with excellent features and premium build quality. Perfect for shoes enthusiasts.,SHO-5644,False,False,167.43,400,False,027821ec-2fe9-40cf-b483-d2b2ae8597a0,6a6ea15f-4e65-4e5e-8cf5-2005f8dd5f9e,e4d423e1-bcd7-4afb-9b9e-60ea42662ddd,2022-01-05T03:35:22.070846Z,2022-04-06T13:30:36.324745Z
b12c5d61-54bc-4716-9c31-973800975c5a,Boots Basic,High-quality boots basic with excellent features and premium build quality. Perfect for shoes enthusiasts.,SHO-3175,False,False,110.85,119,False,3c0c8974-9d00-47b5-ace0-561a29118cf4,6a6ea15f-4e65-4e5e-8cf5-2005f8dd5f9e,4269b741-747d-4d82-a03e-ff6102a43499,2024-07-10T21:28:09.908429Z,2024-10-01T02:51:39.696781Z
5b6409a6-07f4-4954-abbe-c592e0aa2d08,Boots Deluxe,High-quality boots deluxe with excellent features and premium build quality. Perfect for shoes enthusiasts.,SHO-9863,True,False,152.45,489,True,6306ee5d-c1ed-4fb9-8c5c-36912be35efa,6a6ea15f-4e65-4e5e-8cf5-2005f8dd5f9e,4378865c-208b-45ce-870a-5cdf750a2101,2022-12-06T22:01:36.660717Z,2024-11-29T09:35:41.129794Z
2d15d640-04c0-4c3c-9f18-a95f04a88d64,Sandals,High-quality sandals with excellent features and premium build quality. Perfect for shoes enthusiasts.,SHO-9548,False,True,110.46,413,True,027821ec-2fe9-40cf-b483-d2b2ae8597a0,6a6ea15f-4e65-4e5e-8cf5-2005f8dd5f9e,400458bd-7984-4e66-bea7-7547c7d17490,2022-09-04T21:59:34.188474Z,2022-09-23T08:50:13.257201Z
124ae4d8-ddf8-4d9e-9f8e-ee457c3156f7,Sandals Deluxe,High-quality sandals deluxe with excellent features and premium build quality. Perfect for shoes enthusiasts.,SHO-7583,True,True,108.46,277,True,03346fb7-d26b-40c4-9a2d-3bfa8250274e,6a6ea15f-4e65-4e5e-8cf5-2005f8dd5f9e,fdb7317b-afc6-43b7-a437-7b8b28d8ec81,2023-11-28T13:11:26.025225Z,2024-08-24T10:24:16.095446Z
bb0f8a71-8075-4ae2-86cb-35a1972aa5a2,Sneakers Standard,High-quality sneakers standard with excellent features and premium build quality. Perfect for shoes enthusiasts.,SHO-3359,True,False,158.28,199,True,a490ea09-378e-417c-913f-574bf3dd15df,6a6ea15f-4e65-4e5e-8cf5-2005f8dd5f9e,bd52ef96-a523-4636-a0c9-4a10ff6550e0,2023-09-21T13:43:10.061775Z,2024-07-31T10:11:01.747949Z
f17797d2-678e-4c98-a07c-e21ce483ff9b,Running Shoes Deluxe,High-quality running shoes deluxe with excellent features and premium build quality. Perfect for shoes enthusiasts.,SHO-3334,False,True,66.42,137,True,e76dd95a-832b-4bb3-bbe3-133d87e8f83b,6a6ea15f-4e65-4e5e-8cf5-2005f8dd5f9e,353ca163-dcda-453c-bc5a-9f4e04668cce,2022-04-17T06:15:48.626004Z,2023-12-08T07:31:32.788938Z
54aacb3f-63df-42cd-929f-d3eb3e7b135f,Running Shoes Deluxe,High-quality running shoes deluxe with excellent features and premium build quality. Perfect for shoes enthusiasts.,SHO-8615,True,False,31.77,390,True,6031392e-40b3-4085-8809-12ee5ae637c4,6a6ea15f-4e65-4e5e-8cf5-2005f8dd5f9e,716f3320-1e0f-402a-9171-8dabc3dc7d34,2024-04-14T20:14:58.929201Z,2024-04-23T08:35:37.707890Z
c6358634-ea53-4d52-b585-39607e6c0f46,Hat Plus,High-quality hat plus with excellent features and premium build quality. Perfect for accessories enthusiasts.,ACC-5990,False,True,100.27,0,True,03346fb7-d26b-40c4-9a2d-3bfa8250274e,458aa388-2a1c-439d-a816-a50742bfa44e,716f3320-1e0f-402a-9171-8dabc3dc7d34,2022-10-19T11:34:10.820011Z,2023-06-27T17:27:58.582119Z
060f5119-f6f3-4ee8-8400-888faf5e2b50,Jewelry Basic,High-quality jewelry basic with excellent features and premium build quality. Perfect for accessories enthusiasts.,ACC-5739,True,True,20.09,82,False,cf91c0b9-59bd-4379-b8dd-002785b6d0a1,458aa388-2a1c-439d-a816-a50742bfa44e,f4bc27c1-0057-46e4-b5d5-f4dd1b15c35d,2023-07-14T19:16:53.713029Z,2024-08-06T11:53:40.223088Z
93e2037d-1605-4db8-b1e9-0e23084a8e9c,Hat Pro,High-quality hat pro with excellent features and premium build quality. Perfect for accessories enthusiasts.,ACC-5925,False,False,145.71,125,True,4c119361-9235-4ab3-b251-81bb05d34516,458aa388-2a1c-439d-a816-a50742bfa44e,5ae10fde-f8f6-439f-861f-772e7b5c7312,2023-07-27T13:13:39.529342Z,2024-06-16T21:21:40.274056Z
23e4cfa3-8d11-455e-a5cb-1b92b22bb14d,Hat Deluxe,High-quality hat deluxe with excellent features and premium build quality. Perfect for accessories enthusiasts.,ACC-6597,True,False,192.61,211,False,027821ec-2fe9-40cf-b483-d2b2ae8597a0,458aa388-2a1c-439d-a816-a50742bfa44e,d5124e5c-7f30-418b-84a2-5c4823626f9f,2022-02-02T22:08:41.967057Z,2022-02-06T19:30:00.945233Z
078cb6b1-48fb-4d04-8198-02b2a4ba479e,Scarf Basic,High-quality scarf basic with excellent features and premium build quality. Perfect for accessories enthusiasts.,ACC-7435,False,False,161.7,429,True,6031392e-40b3-4085-8809-12ee5ae637c4,458aa388-2a1c-439d-a816-a50742bfa44e,34461852-dc24-4d10-ac30-f5d1ec27b9e5,2022-03-05T21:28:43.129410Z,2024-02-25T12:52:38.375354Z
4f7b9dfc-1b0c-4530-9f1c-d75e6834d03f,Jewelry,High-quality jewelry with excellent features and premium build quality. Perfect for accessories enthusiasts.,ACC-3044,True,True,188.51,417,False,44d106f0-bb67-460e-a37d-b28baaea21eb,458aa388-2a1c-439d-a816-a50742bfa44e,5fcee1c4-cf73-4d9c-a46d-51e09d8f84e8,2022-01-20T07:47:01.795262Z,2023-08-18T21:58:45.375202Z
e7a24dc7-db39-45a6-b963-d754586054a7,Scarf Standard,High-quality scarf standard with excellent features and premium build quality. Perfect for accessories enthusiasts.,ACC-4623,False,True,194.1,445,True,027821ec-2fe9-40cf-b483-d2b2ae8597a0,458aa388-2a1c-439d-a816-a50742bfa44e,64ccb899-5dd6-4100-9ece-c1648b3e1282,2023-07-29T15:57:45.741309Z,2024-02-28T00:12:52.669448Z
2378653d-ca7f-4ba3-91b0-fdf82ea394c6,Belt Basic,High-quality belt basic with excellent features and premium build quality. Perfect for accessories enthusiasts.,ACC-3793,True,False,138.76,373,True,6031392e-40b3-4085-8809-12ee5ae637c4,458aa388-2a1c-439d-a816-a50742bfa44e,c81e7de7-1ddf-4267-9ed1-ed40d5fbfbe1,2022-05-14T18:08:47.068209Z,2022-09-21T08:59:36.897034Z
7a918392-a726-4177-9c37-49ead1a96498,Jewelry Standard,High-quality jewelry standard with excellent features and premium build quality. Perfect for accessories enthusiasts.,ACC-4143,True,True,198.54,348,False,d17c230b-c040-4bec-9858-0ad93af3e6bd,458aa388-2a1c-439d-a816-a50742bfa44e,5f031b9e-0c38-43a0-b1db-5992596dc5a2,2024-07-18T00:27:41.705796Z,2024-07-31T10:27:54.426640Z
e8de662e-ea59-4ad2-b2f2-81952686ecea,Scarf Basic,High-quality scarf basic with excellent features and premium build quality. Perfect for accessories enthusiasts.,ACC-9119,True,True,156.61,450,True,35110647-31b2-47fe-b290-d75c34e44e59,458aa388-2a1c-439d-a816-a50742bfa44e,95c156e2-8d1a-4ed2-8522-95c8550c2f12,2022-04-07T08:58:26.558272Z,2023-07-10T10:00:25.204061Z
c486682d-244c-4454-bcda-835466a30236,Scarf,High-quality scarf with excellent features and premium build quality. Perfect for accessories enthusiasts.,ACC-4696,False,True,192.39,303,True,b84f3755-1ff3-4bdd-b0f5-299dc11e67d3,458aa388-2a1c-439d-a816-a50742bfa44e,5fa02a98-5288-413e-b81f-498d87c6fb15,2023-02-08T05:21:19.065896Z,2024-11-10T20:06:01.503281Z
354d9978-b3ca-4265-bddb-c00d1df65be0,Jewelry Deluxe,High-quality jewelry deluxe with excellent features and premium build quality. Perfect for accessories enthusiasts.,ACC-5102,False,True,105.23,320,False,027821ec-2fe9-40cf-b483-d2b2ae8597a0,458aa388-2a1c-439d-a816-a50742bfa44e,e5509bc3-30aa-48d9-8cda-56ea18934a43,2022-04-22T10:33:50.248243Z,2024-12-13T02:49:38.649662Z
b87ea0c9-29af-4a3a-9ddb-1e2255d5ed52,Wallet Pro,High-quality wallet pro with excellent features and premium build quality. Perfect for accessories enthusiasts.,ACC-2401,True,True,87.92,346,True,6306ee5d-c1ed-4fb9-8c5c-36912be35efa,458aa388-2a1c-439d-a816-a50742bfa44e,28e24c73-fdee-479e-ad4a-c89a4ae1e2fd,2022-09-19T01:58:51.463385Z,2022-11-14T09:39:40.452816Z
93f54268-3877-43c2-b776-eeafbc5381bd,Watch,High-quality watch with excellent features and premium build quality. Perfect for accessories enthusiasts.,ACC-5831,False,False,92.29,317,False,d17c230b-c040-4bec-9858-0ad93af3e6bd,458aa388-2a1c-439d-a816-a50742bfa44e,d6f1cce2-087a-46b9-963f-6065ceb3d9ef,2023-04-23T19:50:42.654319Z,2023-05-03T14:24:29.833790Z
2ec26918-1d00-4b8e-bd78-6099a5663a1f,Watch Deluxe,High-quality watch deluxe with excellent features and premium build quality. Perfect for accessories enthusiasts.,ACC-1425,True,False,79.06,131,True,44d106f0-bb67-460e-a37d-b28baaea21eb,458aa388-2a1c-439d-a816-a50742bfa44e,95c156e2-8d1a-4ed2-8522-95c8550c2f12,2022-08-10T03:00:38.747948Z,2022-10-18T18:50:53.203019Z
06b549eb-40af-4891-b48d-1096e2719b39,Belt Premium,High-quality belt premium with excellent features and premium build quality. Perfect for accessories enthusiasts.,ACC-8887,True,False,100.02,298,True,b84f3755-1ff3-4bdd-b0f5-299dc11e67d3,458aa388-2a1c-439d-a816-a50742bfa44e,11b637ab-c1b4-4643-ac3e-8ccb00034809,2022-10-09T01:03:08.326806Z,2024-05-29T13:32:41.791018Z
e9e4e2ac-3a85-4a76-a4ea-78dafdf844ee,Scarf Plus,High-quality scarf plus with excellent features and premium build quality. Perfect for accessories enthusiasts.,ACC-3415,True,False,128.59,176,False,44d106f0-bb67-460e-a37d-b28baaea21eb,458aa388-2a1c-439d-a816-a50742bfa44e,2db0e1e1-227d-426f-820f-04e1902445c8,2024-01-26T00:33:37.689624Z,2024-04-09T01:15:32.858976Z
ca033b73-05f5-4fa9-9348-dba821498f34,Sunglasses Elite,High-quality sunglasses elite with excellent features and premium build quality. Perfect for accessories enthusiasts.,ACC-4297,True,True,81.47,232,False,3c0c8974-9d00-47b5-ace0-561a29118cf4,458aa388-2a1c-439d-a816-a50742bfa44e,82f1668d-8d36-4568-9eeb-ee27e088d3cf,2024-08-15T19:44:21.893395Z,2024-11-08T19:19:26.344582Z
9dd3fa57-6473-4ff6-9f9e-2c6824c8c260,Jewelry,High-quality jewelry with excellent features and premium build quality. Perfect for accessories enthusiasts.,ACC-9125,True,True,134.97,185,True,027821ec-2fe9-40cf-b483-d2b2ae8597a0,458aa388-2a1c-439d-a816-a50742bfa44e,de6d31dd-03a3-4225-906a-4041f6cd46ef,2024-08-13T19:13:15.504098Z,2024-11-05T23:24:13.419758Z
847e598e-4dca-4062-bdb8-2261a7409cd8,Watch Pro,High-quality watch pro with excellent features and premium build quality. Perfect for accessories enthusiasts.,ACC-6863,True,False,40.72,112,False,6306ee5d-c1ed-4fb9-8c5c-36912be35efa,458aa388-2a1c-439d-a816-a50742bfa44e,8b2e477e-309a-4432-8f86-20cc580e8b4f,2024-06-20T06:40:37.957044Z,2024-09-20T01:01:12.207434Z
d33ed18c-d598-43bd-bb9d-a459fb866368,Clutch Plus,High-quality clutch plus with excellent features and premium build quality. Perfect for bags & luggage enthusiasts.,BAG-6567,False,True,81.32,173,False,d17c230b-c040-4bec-9858-0ad93af3e6bd,e3124418-ee7a-48ca-b88e-82635ced841e,8eaca7f4-2bb1-4da6-84f7-c8b318830aa3,2023-02-06T00:11:53.274505Z,2023-05-20T00:53:43.143910Z
a1ad591c-e6ed-4c9c-9454-432914a14597,Handbag Standard,High-quality handbag standard with excellent features and premium build quality. Perfect for bags & luggage enthusiasts.,BAG-8474,True,False,244.74,98,False,027821ec-2fe9-40cf-b483-d2b2ae8597a0,e3124418-ee7a-48ca-b88e-82635ced841e,5fcee1c4-cf73-4d9c-a46d-51e09d8f84e8,2022-12-17T16:51:39.924491Z,2024-03-05T22:04:07.151448Z
d74357eb-88b0-49dc-afda-9187582b2d60,Gym Bag Premium,High-quality gym bag premium with excellent features and premium build quality. Perfect for bags & luggage enthusiasts.,BAG-7131,True,False,134.56,27,False,35110647-31b2-47fe-b290-d75c34e44e59,e3124418-ee7a-48ca-b88e-82635ced841e,6b3f72d8-eea0-4832-b228-f79230c0efaf,2023-05-16T01:48:39.615855Z,2023-11-25T17:18:50.155783Z
a2db520b-a9fc-41cd-98c1-5e3d22a334e9,Clutch Standard,High-quality clutch standard with excellent features and premium build quality. Perfect for bags & luggage enthusiasts.,BAG-3071,False,False,290.82,191,False,d17c230b-c040-4bec-9858-0ad93af3e6bd,e3124418-ee7a-48ca-b88e-82635ced841e,72d41252-f9ea-45a2-a331-5b795c564d49,2024-09-28T06:46:05.822781Z,2024-11-27T21:39:04.175566Z
1abaca49-17dd-435e-841f-28f0c4b9523e,Laptop Bag Basic,High-quality laptop bag basic with excellent features and premium build quality. Perfect for bags & luggage enthusiasts.,BAG-3932,True,False,162.38,112,False,35110647-31b2-47fe-b290-d75c34e44e59,e3124418-ee7a-48ca-b88e-82635ced841e,5fcee1c4-cf73-4d9c-a46d-51e09d8f84e8,2024-09-16T22:31:30.281370Z,2024-11-29T12:40:58.829029Z
158ffa19-d05a-4ed0-bd5c-d7800181842b,Handbag Basic,High-quality handbag basic with excellent features and premium build quality. Perfect for bags & luggage enthusiasts.,BAG-4840,True,False,98.73,227,False,e76dd95a-832b-4bb3-bbe3-133d87e8f83b,e3124418-ee7a-48ca-b88e-82635ced841e,c5106df7-50cd-4f5b-af01-babd61d47491,2024-02-12T18:10:59.883353Z,2024-08-21T08:35:05.140855Z
8e07bdd4-87d1-4cea-878e-39e29cc416ab,Gym Bag Deluxe,High-quality gym bag deluxe with excellent features and premium build quality. Perfect for bags & luggage enthusiasts.,BAG-4771,True,False,144.91,12,False,03346fb7-d26b-40c4-9a2d-3bfa8250274e,e3124418-ee7a-48ca-b88e-82635ced841e,fdb7317b-afc6-43b7-a437-7b8b28d8ec81,2023-11-20T13:28:29.453515Z,2024-06-16T11:51:31.332420Z
c1359eeb-d573-49ab-b69a-68f83211089b,Handbag Basic,High-quality handbag basic with excellent features and premium build quality. Perfect for bags & luggage enthusiasts.,BAG-4830,True,True,32.0,60,False,4e18f415-a737-43ec-8f90-fd594692acd9,e3124418-ee7a-48ca-b88e-82635ced841e,26388567-7f1e-46b7-a222-9ed10fc4ed37,2022-06-18T09:53:32.537700Z,2023-12-29T20:05:50.289852Z
6a21cb7c-f25e-404b-a05d-870382b4bba8,Backpack Deluxe,High-quality backpack deluxe with excellent features and premium build quality. Perfect for bags & luggage enthusiasts.,BAG-1627,True,False,106.78,467,False,6031392e-40b3-4085-8809-12ee5ae637c4,e3124418-ee7a-48ca-b88e-82635ced841e,5597da9f-fe31-4793-b926-b00377dbffea,2023-11-06T08:19:47.855181Z,2024-12-03T21:54:17.199903Z
52cf3832-cc29-4a5d-9b48-f5b1480af5c9,Travel Suitcase,High-quality travel suitcase with excellent features and premium build quality. Perfect for bags & luggage enthusiasts.,BAG-5906,True,False,237.1,116,False,4e18f415-a737-43ec-8f90-fd594692acd9,e3124418-ee7a-48ca-b88e-82635ced841e,175b54d5-7333-4247-886b-ab08d40810c0,2024-04-07T12:52:37.794617Z,2024-04-13T15:41:32.798134Z
eecaef18-52b0-4cb5-8995-d3cc441d5ddc,Handbag Elite,High-quality handbag elite with excellent features and premium build quality. Perfect for bags & luggage enthusiasts.,BAG-8773,False,False,180.22,224,False,027821ec-2fe9-40cf-b483-d2b2ae8597a0,e3124418-ee7a-48ca-b88e-82635ced841e,95c156e2-8d1a-4ed2-8522-95c8550c2f12,2024-08-17T23:52:29.357207Z,2024-09-07T10:54:12.449622Z
988f10c3-27bd-464f-a465-23c50d91e2d9,Laptop Bag,High-quality laptop bag with excellent features and premium build quality. Perfect for bags & luggage enthusiasts.,BAG-7139,False,False,263.38,390,False,a490ea09-378e-417c-913f-574bf3dd15df,e3124418-ee7a-48ca-b88e-82635ced841e,5004fa29-50c8-4cd4-ba8f-f70426f069c8,2023-09-18T23:00:31.849767Z,2024-08-20T11:21:14.439507Z
75773aa8-282f-4da1-85f7-2a66add96c02,Duffel Bag Standard,High-quality duffel bag standard with excellent features and premium build quality. Perfect for bags & luggage enthusiasts.,BAG-6342,False,False,174.59,243,False,03346fb7-d26b-40c4-9a2d-3bfa8250274e,e3124418-ee7a-48ca-b88e-82635ced841e,5f031b9e-0c38-43a0-b1db-5992596dc5a2,2022-03-07T04:09:21.595791Z,2024-05-15T12:13:25.066803Z
d3921b15-c8d4-4c94-b19f-fc83beb42514,Backpack Deluxe,High-quality backpack deluxe with excellent features and premium build quality. Perfect for bags & luggage enthusiasts.,BAG-8397,True,False,37.03,35,False,cf91c0b9-59bd-4379-b8dd-002785b6d0a1,e3124418-ee7a-48ca-b88e-82635ced841e,a5868675-48ac-4741-9718-f349320d9f76,2022-08-02T21:35:11.033616Z,2024-11-25T22:38:31.028142Z
61d868f6-43c2-4bca-a33d-4eff3a4fb097,Laptop Bag Standard,High-quality laptop bag standard with excellent features and premium build quality. Perfect for bags & luggage enthusiasts.,BAG-4373,False,False,201.27,80,False,027821ec-2fe9-40cf-b483-d2b2ae8597a0,e3124418-ee7a-48ca-b88e-82635ced841e,7c032e66-c9d1-48c2-b6be-4381c9ebfca0,2022-05-24T14:03:23.543719Z,2022-06-04T05:20:55.954007Z
badf32ef-5958-4003-81f7-af04937f6661,Backpack Plus,High-quality backpack plus with excellent features and premium build quality. Perfect for bags & luggage enthusiasts.,BAG-9789,False,False,225.5,309,False,e76dd95a-832b-4bb3-bbe3-133d87e8f83b,e3124418-ee7a-48ca-b88e-82635ced841e,37f9c37e-6697-4452-a228-e25173744dd4,2024-03-07T06:08:55.215667Z,2024-08-12T13:52:45.697085Z
