id,productId,userId,rating,title,comment,createdAt,updatedAt
fb2bf8c7-c264-4c9d-a032-bb52e4de99ee,18ab8c3a-7e68-4bb5-841b-4854ec2ba2fa,e50431f7-12b9-4a54-80ec-5f8a6a03c22f,4,Perfect,Good product but a bit overpriced.,2023-10-22T01:19:07.282324Z,2024-04-25T08:22:45.438382Z
57cbfd3e-02e5-4378-97f5-87a8b28f9b7e,18ab8c3a-7e68-4bb5-841b-4854ec2ba2fa,2c4303d8-9ea8-4ce1-9756-75c872aa3b52,4,Great product!,"Expected more based on reviews, but it's decent.",2022-02-11T00:03:42.780931Z,2023-12-01T06:18:30.293768Z
220da07d-c238-4b1b-9be9-b3cde9f1fbb1,18ab8c3a-7e68-4bb5-841b-4854ec2ba2fa,6a1658e7-c4b5-40e1-b5d9-7037f02da2f2,4,Good value,"Expected more based on reviews, but it's decent.",2022-09-16T15:23:21.319141Z,2023-01-08T03:42:00.716137Z
d384cad2-00d9-4144-88b5-28b67b7c09c3,18ab8c3a-7e68-4bb5-841b-4854ec2ba2fa,90d5a2a9-8eba-4bbb-bc57-d1a8ebbc3972,5,Could be better,"Perfect for my needs, great build quality.",2023-01-05T23:51:23.779020Z,2024-08-30T16:38:23.249825Z
b89afeda-2bce-4a10-86d0-a7486eb3dd81,18ab8c3a-7e68-4bb5-841b-4854ec2ba2fa,d1e79352-c102-432b-bb12-bb78573b0eee,3,Terrible,Good product but a bit overpriced.,2022-03-31T03:08:40.778659Z,2023-12-07T03:02:37.956486Z
4013bc7a-90e3-4c89-b24c-e6d2fb1facac,18ab8c3a-7e68-4bb5-841b-4854ec2ba2fa,acc01fec-8063-46d7-bba1-f3bda58d8375,5,Highly recommend,"Would definitely buy again, very satisfied with the quality.",2023-12-23T14:59:06.078516Z,2024-09-27T19:21:19.760585Z
74c72ffb-384d-4c92-bf82-b809d75951b4,bb0f8a71-8075-4ae2-86cb-35a1972aa5a2,0017ffbe-97c4-4b23-99fe-e540bb9898fd,3,Okay product,"Expected more based on reviews, but it's decent.",2022-02-14T04:12:26.577236Z,2023-07-16T17:22:57.383791Z
a07e97b9-e024-4733-8551-97d81c81d830,bb0f8a71-8075-4ae2-86cb-35a1972aa5a2,a24a2319-f51e-4e24-a6a3-e089646464b4,4,Not bad,Highly recommend to everyone!,2023-03-23T02:30:26.549205Z,2024-08-19T00:10:38.287465Z
741759e8-7516-4406-bd02-76e5d1de48dc,bb0f8a71-8075-4ae2-86cb-35a1972aa5a2,ce1ccc2c-f814-47eb-a483-316e81afd0a4,5,Disappointed,I absolutely love this product! Exceeded my expectations.,2023-08-03T01:50:44.199429Z,2024-09-13T15:43:34.912529Z
30ac21f4-a2d3-498a-a704-5e907bd26aae,bb0f8a71-8075-4ae2-86cb-35a1972aa5a2,9c4d8ce8-18fb-469c-839a-97641f7f6a9c,5,Could be better,Amazing quality and fast shipping!,2024-02-08T16:24:35.817230Z,2024-08-25T12:38:17.216976Z
05365038-cbfe-4a85-85d5-b0828de9b058,bb0f8a71-8075-4ae2-86cb-35a1972aa5a2,22392f7f-b9f8-4ecf-b08d-9f8d4aa2a8ae,1,Terrible,"Would definitely buy again, very satisfied with the quality.",2023-08-30T22:00:56.973736Z,2024-10-07T16:29:32.742133Z
6c222246-1d1c-4423-9e7b-5e1ac7e5d736,bb0f8a71-8075-4ae2-86cb-35a1972aa5a2,b2114639-6082-4f8c-bce0-a50ee53ac599,4,Disappointed,Good but could use some improvements.,2022-08-14T09:45:17.578972Z,2022-12-13T05:14:02.559484Z
e0ce4a66-1aa8-4477-95eb-3ae9039f3dd5,bb0f8a71-8075-4ae2-86cb-35a1972aa5a2,5597da9f-fe31-4793-b926-b00377dbffea,3,Love it,"Expected more based on reviews, but it's decent.",2024-08-22T08:59:08.283571Z,2024-09-04T20:15:52.220172Z
dfe7e064-ff2f-4512-8bbf-623aa9f610e8,bb0f8a71-8075-4ae2-86cb-35a1972aa5a2,b1270b50-ad7b-4ed6-9a75-e5d6e255f36f,2,Love it,"Perfect for my needs, great build quality.",2023-10-10T19:23:20.087289Z,2024-10-05T17:16:46.140101Z
fc98c7b4-386a-43f5-95ab-85c44078d8c0,30769e80-510d-4682-98d4-9ae7ea6c5293,9338204c-e848-43e6-af89-1d311b466026,4,Excellent quality,I absolutely love this product! Exceeded my expectations.,2023-10-03T00:52:22.229931Z,2024-10-11T08:11:16.016398Z
700e1780-4d0f-426a-a73d-4d144652a447,30769e80-510d-4682-98d4-9ae7ea6c5293,62e5606f-6d0c-453b-95af-b116b4c2fe85,5,Fantastic,Best purchase I've made this year!,2024-08-19T18:06:46.781996Z,2024-11-24T20:16:55.656649Z
03750ec0-9034-47e0-b8eb-60eb7379c4f4,30769e80-510d-4682-98d4-9ae7ea6c5293,f9e30605-b790-4137-9d58-05c55d55691f,4,Highly recommend,Good but could use some improvements.,2023-03-29T07:20:17.213824Z,2024-11-13T20:51:54.789470Z
a62c0879-4e2d-4870-87e1-c804ba9b53da,30769e80-510d-4682-98d4-9ae7ea6c5293,0f996f15-aff9-4167-a68a-f18f54f2bbac,3,Highly recommend,"Average product, nothing outstanding.",2024-01-14T13:23:09.945991Z,2024-09-15T02:31:11.481705Z
39bcdd14-82c5-46be-870f-0bbc1a7fbc61,30769e80-510d-4682-98d4-9ae7ea6c5293,22392f7f-b9f8-4ecf-b08d-9f8d4aa2a8ae,5,Could be better,"Would definitely buy again, very satisfied with the quality.",2023-08-07T15:46:11.679020Z,2023-12-29T00:19:10.928255Z
8aaeb5b5-a050-445c-aab8-7d96b41ea5fd,30769e80-510d-4682-98d4-9ae7ea6c5293,c84a929f-7be6-4dd9-bde2-8542b2407a79,5,Love it,"Poor quality, broke after a week.",2022-07-12T02:09:04.447107Z,2023-03-20T14:58:41.422056Z
a8c6db41-2382-4ea5-98e6-451983817a3a,30769e80-510d-4682-98d4-9ae7ea6c5293,cbf06922-676c-48f9-b962-438ccb7a7237,5,Could be better,"Average product, nothing outstanding.",2024-02-08T00:38:06.396230Z,2024-08-22T00:07:52.014210Z
098af760-9efc-4683-b774-68d957b15e8c,a446be12-ee51-4006-91fb-3977aed4af9b,e21cd177-cf57-4ca5-a93e-64fe0c806d79,3,Not bad,"Not what I expected, quality could be much improved.",2022-05-27T20:38:00.830892Z,2022-06-05T03:34:47.858002Z
2a640d73-f8cd-475a-bff7-80b35673b1e3,62835ce7-4cc3-4651-8a19-7b69f82ceefb,dfce78e1-2aa7-4738-a6a2-5f5ca0b48876,5,Highly recommend,"Expected more based on reviews, but it's decent.",2023-05-07T18:57:28.855076Z,2023-10-21T09:21:30.162018Z
5d7066a4-76ac-421d-8648-feb4982c6730,62835ce7-4cc3-4651-8a19-7b69f82ceefb,a5088e4c-1446-4548-b36e-dbfe9e98c5bc,2,Okay product,"Not what I expected, quality could be much improved.",2023-10-05T17:07:01.864996Z,2023-10-27T03:34:18.107548Z
15c8d744-85d8-45af-b389-43cdc919438b,62835ce7-4cc3-4651-8a19-7b69f82ceefb,2e38ed97-0925-405c-8617-7410b620b011,5,Good value,"Expected more based on reviews, but it's decent.",2022-01-02T07:01:14.447883Z,2024-03-01T04:22:41.300780Z
41d7050a-ab47-487e-bd94-dfa0c2f49b14,62835ce7-4cc3-4651-8a19-7b69f82ceefb,e4d423e1-bcd7-4afb-9b9e-60ea42662ddd,5,Love it,Good product but a bit overpriced.,2023-12-05T22:52:57.117869Z,2024-08-12T05:07:14.106678Z
557a9e6c-f211-4c18-9358-0daf2abf7a59,62835ce7-4cc3-4651-8a19-7b69f82ceefb,12badee1-43de-4f2e-be07-75f88c291e83,5,Excellent quality,"It's okay for the price, nothing special.",2023-09-23T10:07:23.968170Z,2023-11-05T01:38:09.186717Z
642f6244-dbc2-4003-8b38-6014d7bfa607,62835ce7-4cc3-4651-8a19-7b69f82ceefb,57f5b865-1e97-4a2e-a5d0-6e08af75ad98,4,Terrible,"Expected more based on reviews, but it's decent.",2023-11-27T13:09:57.699686Z,2024-11-12T09:39:52.300947Z
bc7c8694-6ea6-4ac4-a73c-8a0918f3243e,d248e243-4f4d-43ef-baa7-d9ff026ab3cd,86820d4a-b951-4e16-b75b-272c110cc8cc,2,Poor quality,Amazing quality and fast shipping!,2023-11-09T11:59:16.850100Z,2024-11-07T02:50:00.903572Z
116d9a2a-332d-4cba-adb9-2ddd4f4a8c77,d248e243-4f4d-43ef-baa7-d9ff026ab3cd,d71a068e-3ba8-47bf-b914-50699f3c86ba,5,Outstanding,Excellent customer service and product.,2022-05-31T10:09:24.468394Z,2024-06-07T15:52:04.118661Z
2755a507-40d8-49c6-9136-a0a18f4dc099,d248e243-4f4d-43ef-baa7-d9ff026ab3cd,7d6801fc-1265-4b36-89ff-77c4ae06cce9,4,Okay product,"Not what I expected, quality could be much improved.",2022-05-29T02:20:08.190706Z,2024-07-22T12:22:20.518213Z
d83ae244-1119-4c5a-9812-de75f8cee2c0,d248e243-4f4d-43ef-baa7-d9ff026ab3cd,a5868675-48ac-4741-9718-f349320d9f76,4,Good value,"Poor quality, broke after a week.",2024-03-23T20:21:08.841105Z,2024-07-26T12:26:35.521249Z
b447cac6-b81a-4b40-aa96-b6a00b3d18b4,d248e243-4f4d-43ef-baa7-d9ff026ab3cd,62e5606f-6d0c-453b-95af-b116b4c2fe85,4,Perfect,Exactly what I was looking for.,2024-04-21T07:24:05.609184Z,2024-10-21T13:33:36.814316Z
1ed131d6-cfac-4e16-b5b8-74df68c06c12,d248e243-4f4d-43ef-baa7-d9ff026ab3cd,37f9c37e-6697-4452-a228-e25173744dd4,5,Highly recommend,"Average product, nothing outstanding.",2022-03-31T07:23:00.213154Z,2024-08-18T00:23:35.496947Z
5ed5c2cd-7911-4a8e-aeb6-4afa2bf0efde,8f34d4de-798d-4fcf-a844-5238cea9f2ea,a52e1e1b-e553-418a-9f5a-16d40d9db603,2,Poor quality,"Perfect for my needs, great build quality.",2023-01-05T04:18:29.151141Z,2024-07-22T13:15:13.868034Z
8500f62d-7c0f-4113-92a7-76ed7fbdb5cf,8f34d4de-798d-4fcf-a844-5238cea9f2ea,dd3f656d-0519-4a21-a54f-5af11d1ece48,2,Could be better,"It's okay for the price, nothing special.",2023-12-14T22:09:24.768691Z,2023-12-27T22:27:23.056710Z
b77a061f-e00e-4dc3-a2a4-cfc2bdcec721,8f34d4de-798d-4fcf-a844-5238cea9f2ea,f1fcc279-4524-4b65-8670-b206d7d0507f,2,Terrible,"It's okay for the price, nothing special.",2023-05-04T19:55:10.031652Z,2023-10-01T11:09:05.256949Z
4119706a-11a6-4029-b89c-0e14d83a7d08,938f13bb-7a3d-4850-86b8-6abd45e3d509,26b5ff73-0df5-4ba1-a91b-29c6ce1ad624,4,Fantastic,Good product but a bit overpriced.,2022-06-03T05:30:47.146918Z,2024-07-08T16:44:19.493024Z
23b1c98a-4e9f-410c-899f-c6a99960ea0b,938f13bb-7a3d-4850-86b8-6abd45e3d509,cd8d7315-1306-4e24-ad62-3cb0d46b2aa8,5,Amazing!,Best purchase I've made this year!,2023-10-23T22:00:18.116671Z,2024-01-10T01:56:41.033679Z
c2a0095a-85f3-45af-805b-79820fbcaede,eecaef18-52b0-4cb5-8995-d3cc441d5ddc,3035124c-719b-4373-8a2c-d29a77df9c95,3,Good value,Good but could use some improvements.,2023-03-10T21:56:29.581074Z,2023-11-29T18:32:19.743810Z
c368326e-f039-4641-a191-581dda527a54,eecaef18-52b0-4cb5-8995-d3cc441d5ddc,bc5bcd84-5467-4041-a988-9fa9ef2887f1,4,Could be better,"Not what I expected, quality could be much improved.",2022-04-05T16:24:08.779233Z,2022-11-07T12:39:03.229540Z
0d593ec2-ad6e-435e-846f-ab0ba6d7d3fb,eecaef18-52b0-4cb5-8995-d3cc441d5ddc,dd830522-495d-49a1-a64d-ab9d3271db58,3,Okay product,Exactly what I was looking for.,2023-09-12T02:52:44.491190Z,2024-05-13T10:41:41.424778Z
182158f0-95ab-4381-9009-c2adf2353f63,2f5ac538-16b9-4116-9157-ffd4a6b54a8d,4269b741-747d-4d82-a03e-ff6102a43499,2,Excellent quality,Excellent customer service and product.,2023-03-11T06:17:06.109471Z,2023-05-29T11:38:49.887734Z
9e6ae1c8-b82b-4ec6-83c6-1adc7580bba8,2f5ac538-16b9-4116-9157-ffd4a6b54a8d,6d280020-c0df-48fa-a880-778fc912386d,1,Disappointed,"Expected more based on reviews, but it's decent.",2023-07-09T03:04:13.626116Z,2023-07-20T09:12:35.211524Z
bb564760-6b6c-440a-9419-fd90ef8c7b39,2f5ac538-16b9-4116-9157-ffd4a6b54a8d,1efa2876-1cb6-4985-bf3f-ee64d39fa08e,5,Highly recommend,"Not what I expected, quality could be much improved.",2022-03-29T18:36:02.591123Z,2024-06-15T15:02:03.329861Z
750e306f-a7a9-434b-a9d6-721e45baaa7f,2f5ac538-16b9-4116-9157-ffd4a6b54a8d,97209e6b-d421-4b5c-9e15-1d742d41bc07,5,Great product!,"Perfect for my needs, great build quality.",2024-02-09T09:25:32.204350Z,2024-07-19T12:46:22.135808Z
ed50ad1f-eeb0-43f8-b744-f5b98ccaa210,2f5ac538-16b9-4116-9157-ffd4a6b54a8d,f1fcc279-4524-4b65-8670-b206d7d0507f,5,Excellent quality,Good product but a bit overpriced.,2024-07-07T23:32:06.526570Z,2024-08-14T00:37:50.400673Z
48775fa1-5e9b-4760-a2a9-f01c32d9bdf1,2f5ac538-16b9-4116-9157-ffd4a6b54a8d,783819c0-0cb5-4ea6-8439-352aa76a1938,4,Fantastic,I absolutely love this product! Exceeded my expectations.,2022-10-25T05:09:43.485602Z,2023-01-13T20:05:45.242818Z
c62b859c-0cd5-4f2c-8153-726ffff8e066,2f5ac538-16b9-4116-9157-ffd4a6b54a8d,acc01fec-8063-46d7-bba1-f3bda58d8375,3,Love it,Excellent customer service and product.,2022-05-25T22:10:32.541380Z,2024-06-09T19:41:33.975413Z
26704be5-2898-4d8c-b822-b01cdfc3b83f,066f483c-b0a2-4833-bce8-577cfb6ab029,a24a2319-f51e-4e24-a6a3-e089646464b4,5,Excellent quality,"Not what I expected, quality could be much improved.",2023-01-04T19:54:27.041956Z,2024-12-03T12:15:13.640037Z
203b0b5a-dd59-4975-af81-be4cb2a2ae30,066f483c-b0a2-4833-bce8-577cfb6ab029,953a368e-10fd-45c9-abb9-2c7aac2a5a68,2,Could be better,"Poor quality, broke after a week.",2023-10-05T15:06:51.015667Z,2023-12-17T09:35:55.836116Z
0c7a8355-f746-4476-95b0-daea9222d6b6,066f483c-b0a2-4833-bce8-577cfb6ab029,5766259b-3b19-4564-8cb5-b0f215af9148,5,Amazing!,"It's okay for the price, nothing special.",2023-04-11T10:10:59.309967Z,2023-09-23T02:17:36.380977Z
d2f57a61-4804-4247-997c-4fe2122dbdbc,066f483c-b0a2-4833-bce8-577cfb6ab029,2571a6bf-09fa-4afe-a550-7b68cc7e3f14,2,Could be better,"Average product, nothing outstanding.",2024-03-01T14:16:30.268463Z,2024-10-13T20:59:08.985482Z
19250178-ce47-49bd-9a17-164f04c92a5a,066f483c-b0a2-4833-bce8-577cfb6ab029,74919595-2489-47a7-a2a9-5648bc37db88,5,Amazing!,I absolutely love this product! Exceeded my expectations.,2023-01-08T09:25:26.898630Z,2024-10-03T21:08:28.384546Z
3f3c5949-1264-417e-90e2-bd8f74c2800e,066f483c-b0a2-4833-bce8-577cfb6ab029,9c4d8ce8-18fb-469c-839a-97641f7f6a9c,5,Excellent quality,"Perfect for my needs, great build quality.",2022-03-27T21:26:32.471955Z,2022-12-21T21:02:39.675143Z
3b96701d-e715-4ef5-90e5-0736bd52cb37,badf32ef-5958-4003-81f7-af04937f6661,b9050064-bfc8-45f9-b041-922efa02a48e,5,Okay product,Good but could use some improvements.,2023-07-29T00:09:54.110412Z,2024-05-21T12:10:36.418675Z
7a9100e6-61ad-4ce8-9d36-4b6128dfbcf9,2dfcedf0-37c3-4f7a-808e-d81fe33b8005,dd3f656d-0519-4a21-a54f-5af11d1ece48,4,Amazing!,Excellent customer service and product.,2022-04-06T11:29:29.673693Z,2023-10-05T14:06:05.189030Z
2b719387-5415-4f7e-973f-bb2d2f19a06b,2dfcedf0-37c3-4f7a-808e-d81fe33b8005,4c48e6fa-2504-4413-a217-1156fd815796,2,Poor quality,Good product but a bit overpriced.,2024-02-26T13:12:25.344688Z,2024-03-30T10:21:38.509917Z
83e0b4c7-8e2e-491f-b318-bfe31ef11855,14028d7c-80a0-4a4a-92d6-490e0773a40e,f1fcc279-4524-4b65-8670-b206d7d0507f,5,Not bad,"Not what I expected, quality could be much improved.",2023-04-11T01:34:09.994609Z,2024-08-04T04:40:13.335740Z
148bbde4-fe3c-4350-b667-e794d041c4f3,14028d7c-80a0-4a4a-92d6-490e0773a40e,e2a9cf5f-fbeb-4a1c-b37f-eb49dd7ed290,1,Terrible,Best purchase I've made this year!,2023-01-25T01:59:51.379052Z,2024-04-09T15:13:03.221766Z
413ddb91-ee90-4d83-b6de-f43ec0bc336f,14028d7c-80a0-4a4a-92d6-490e0773a40e,29dd423b-b206-42c7-ab6f-113d8a6b77d5,1,Outstanding,Excellent customer service and product.,2023-03-10T08:16:40.184660Z,2023-06-03T04:04:17.424745Z
6836e147-0c77-4ddf-b656-fabc736e0cfb,14028d7c-80a0-4a4a-92d6-490e0773a40e,6ef86bbc-62b0-495b-a5e9-138d396947be,3,Okay product,Amazing quality and fast shipping!,2024-06-11T13:33:13.702173Z,2024-08-16T05:53:03.096931Z
f6ef16c8-4c54-4641-840e-c1dde2fce025,b1e11c29-6bef-4e90-9177-b07b772e92d5,394443c6-ec5d-4b6b-9279-dbfb519edafb,5,Disappointed,"Expected more based on reviews, but it's decent.",2022-07-23T11:26:30.498597Z,2024-01-22T22:50:10.730532Z
cffdfcf0-4520-4b21-9191-446b25e98439,b1e11c29-6bef-4e90-9177-b07b772e92d5,359bec97-089b-44ee-9463-688130c9ac72,4,Okay product,"Poor quality, broke after a week.",2023-02-03T00:35:50.937195Z,2024-10-06T06:04:46.700409Z
7c3eef36-63c9-4cba-a85d-47b1f84ced54,b1e11c29-6bef-4e90-9177-b07b772e92d5,f7edef60-ba8b-474b-9296-16765dafcefe,4,Excellent quality,Excellent customer service and product.,2024-04-23T23:47:52.772506Z,2024-10-27T10:00:09.940049Z
a03d4e07-c300-40ea-bf25-d560a81c16a3,b1e11c29-6bef-4e90-9177-b07b772e92d5,c3fcb921-9657-4dac-aa9c-7eafd981ce88,5,Amazing!,Good but could use some improvements.,2022-11-21T03:50:43.426127Z,2023-08-17T16:46:00.472445Z
77b76634-38cf-4144-83d5-2a048789e7fa,b1e11c29-6bef-4e90-9177-b07b772e92d5,98056214-d647-41bd-af6d-abacddd74686,5,Could be better,Excellent customer service and product.,2023-04-06T20:37:06.038258Z,2023-11-15T23:12:26.730276Z
383799e0-17c5-4846-a927-2230fb1c085e,b1e11c29-6bef-4e90-9177-b07b772e92d5,bf4f5e8e-9014-492b-b0a3-75fc6ccceacc,5,Terrible,Good product but a bit overpriced.,2022-08-10T11:13:12.712641Z,2024-03-22T00:23:52.381466Z
c620f68c-250d-46ae-b26f-1f51f46f1120,b1e11c29-6bef-4e90-9177-b07b772e92d5,e718a730-a76e-488b-9016-95c4a2ef7ed9,4,Disappointed,Exactly what I was looking for.,2024-04-18T03:44:31.680433Z,2024-12-07T13:26:22.369320Z
56303f03-cdaf-4964-8b12-2d92a30151d4,354d9978-b3ca-4265-bddb-c00d1df65be0,5dee2ca3-cd6d-4bf1-a790-74c06ea213d9,5,Excellent quality,"It's okay for the price, nothing special.",2024-08-06T05:29:27.391246Z,2024-09-20T17:38:10.569128Z
a8be30a2-2041-4e10-b50e-a73dfa76c938,354d9978-b3ca-4265-bddb-c00d1df65be0,359bec97-089b-44ee-9463-688130c9ac72,4,Fantastic,Excellent customer service and product.,2023-12-07T21:27:40.297007Z,2024-11-30T19:59:57.898626Z
223effea-2ead-444e-8fc7-de3c8df746c6,354d9978-b3ca-4265-bddb-c00d1df65be0,71316f1c-ed2d-4b6d-8c1f-438bd271a8cf,5,Outstanding,Good but could use some improvements.,2022-04-17T02:41:01.646195Z,2024-11-26T13:06:31.786372Z
2a0bf1cd-162d-40e0-a5f0-939606dbf923,354d9978-b3ca-4265-bddb-c00d1df65be0,72fff48f-fb1b-4777-b994-b0b11bc5abea,4,Perfect,"It's okay for the price, nothing special.",2023-10-11T14:32:37.845016Z,2023-10-27T21:18:54.441073Z
864d6ad8-4b2a-43ef-8fe8-13aba3edff48,354d9978-b3ca-4265-bddb-c00d1df65be0,0c9838a7-1d70-4d70-b5fe-805436fd6d6c,3,Amazing!,Exactly what I was looking for.,2023-01-26T03:12:54.492384Z,2023-06-02T11:50:58.486483Z
0ae1e898-07bf-48fb-b932-03f5b2124072,354d9978-b3ca-4265-bddb-c00d1df65be0,7f0972eb-52c5-462b-a855-c7bd54876143,5,Love it,"Average product, nothing outstanding.",2024-03-14T23:25:00.985259Z,2024-09-21T07:32:18.280608Z
a5b76bce-f049-4a67-a33e-dade23ef4633,354d9978-b3ca-4265-bddb-c00d1df65be0,a8e90bc0-b7e0-4167-a78d-8743a9a0d080,5,Disappointed,Good but could use some improvements.,2024-07-13T13:43:15.004359Z,2024-10-27T01:00:01.160825Z
04137c61-5a5e-4289-a41f-c113b8acf45a,d636cf16-f1f7-485b-80b1-dc82533e22cd,7b1c0969-070e-4c25-af04-a874ed958806,5,Fantastic,"Average product, nothing outstanding.",2023-09-07T10:21:10.599982Z,2024-04-14T07:35:25.202019Z
646ec9d5-f518-46bf-a4db-4ec969571f61,d636cf16-f1f7-485b-80b1-dc82533e22cd,521291b9-66c6-4e1f-972c-8c620bbbf598,4,Fantastic,I absolutely love this product! Exceeded my expectations.,2024-03-31T18:27:08.985023Z,2024-10-16T23:11:25.948092Z
941c1f09-f408-4aeb-9c8a-6267a4cbc099,d636cf16-f1f7-485b-80b1-dc82533e22cd,50809b15-c8ab-4b84-be0c-5cfe0856777f,4,Good value,"Would definitely buy again, very satisfied with the quality.",2022-04-12T22:51:08.528751Z,2022-08-11T20:36:50.411054Z
e652d0e3-5bf4-4080-bed9-93fbaccf98eb,d636cf16-f1f7-485b-80b1-dc82533e22cd,c754e1df-5783-44b7-983c-49096042ec1d,5,Poor quality,"Not what I expected, quality could be much improved.",2024-05-07T17:10:20.213660Z,2024-05-30T02:01:27.012098Z
3f8250f3-f299-497f-97d8-e2efbf11abb2,d636cf16-f1f7-485b-80b1-dc82533e22cd,1b6c65a0-4d4e-4502-81c3-7252da8a9d59,5,Could be better,I absolutely love this product! Exceeded my expectations.,2023-09-25T22:34:58.082598Z,2024-07-13T12:01:47.769832Z
05904662-ca3a-4505-9676-785a6a6699fb,d636cf16-f1f7-485b-80b1-dc82533e22cd,fab5bbd3-1af1-4a30-90bd-ad351f466734,5,Love it,Excellent customer service and product.,2024-03-07T11:11:15.684219Z,2024-06-28T09:12:34.881282Z
6f5ee1b1-fe82-4772-89bd-74c6479d5d4a,b76c0480-a3a5-435e-bec7-461fcb4f84e3,3a5c511e-ee60-46f1-832d-77d9cbab8c76,5,Outstanding,Good product but a bit overpriced.,2024-02-28T08:42:03.288321Z,2024-04-10T04:40:01.669396Z
3f2358df-660c-4ac2-88ba-cf95ca6c6016,b76c0480-a3a5-435e-bec7-461fcb4f84e3,f7edef60-ba8b-474b-9296-16765dafcefe,5,Not bad,Amazing quality and fast shipping!,2024-08-07T19:07:06.148725Z,2024-10-18T08:57:11.097283Z
b46f2b42-6eec-47e0-a8fe-9d58c2028dcf,b76c0480-a3a5-435e-bec7-461fcb4f84e3,4e2db21e-c4c8-4e57-990c-dac81d5dcfd6,4,Excellent quality,Highly recommend to everyone!,2024-05-08T06:25:06.514889Z,2024-11-27T00:26:04.510150Z
3733a875-be63-4624-9b88-5a17b8cc97e7,b76c0480-a3a5-435e-bec7-461fcb4f84e3,b3ab866a-8102-4c31-87b7-26b28297149c,4,Highly recommend,Excellent customer service and product.,2023-03-06T12:56:20.664327Z,2024-06-09T05:11:19.010632Z
b6298852-7583-4ca3-a562-639b9f0e5de6,7f0760fb-ebcc-49c7-8e15-872799480248,bea84f61-7fa8-47a1-831f-ab0b48b20615,4,Terrible,Good but could use some improvements.,2022-02-02T03:21:22.507417Z,2022-02-12T05:33:47.266863Z
35dd91e6-276f-42e9-af08-e914a6d7d1a8,7f0760fb-ebcc-49c7-8e15-872799480248,9e97385e-c346-4acd-89d6-ec5a6fc5408e,2,Terrible,I absolutely love this product! Exceeded my expectations.,2023-07-03T00:33:32.797925Z,2023-12-06T06:55:23.120364Z
a00a70be-b2b3-48f7-825f-390793b3d57c,7f0760fb-ebcc-49c7-8e15-872799480248,90499a0b-4bce-47fe-b47a-e3f9ed0bd1cc,3,Excellent quality,"Expected more based on reviews, but it's decent.",2022-08-14T02:46:44.985502Z,2022-12-21T08:17:30.208915Z
550cb2c5-788e-45b3-b20d-92539cd1081f,40efc5a3-ac3e-4ea7-aaac-b6fa376b2a40,37164570-03a8-42f2-845d-c40de787b7d0,5,Love it,"Not what I expected, quality could be much improved.",2023-04-24T23:51:31.457244Z,2024-09-29T12:59:12.262241Z
a07940cf-9321-481c-a147-af72ac95f4bc,40efc5a3-ac3e-4ea7-aaac-b6fa376b2a40,9ee3a7bf-1f02-47cc-938b-f606db7501b1,3,Fantastic,Highly recommend to everyone!,2024-01-05T08:25:06.611999Z,2024-10-31T09:10:50.215830Z
9d9effcc-e2d8-4dca-8fba-0156920cf1b2,54aacb3f-63df-42cd-929f-d3eb3e7b135f,3d26c370-1682-488c-ab7c-833c2768bbd6,5,Good value,"Poor quality, broke after a week.",2024-02-05T08:52:20.653169Z,2024-03-31T19:24:27.209422Z
a5b09639-3432-47a5-80d9-4bfb5088f77a,54aacb3f-63df-42cd-929f-d3eb3e7b135f,e2a9cf5f-fbeb-4a1c-b37f-eb49dd7ed290,4,Poor quality,Excellent customer service and product.,2024-04-19T02:28:10.932655Z,2024-04-27T16:16:37.429715Z
c4929c49-bde2-4e4a-a376-83bf62bcb443,54aacb3f-63df-42cd-929f-d3eb3e7b135f,2587d0be-4edb-4a38-97b7-83bc0875bc58,4,Poor quality,Excellent customer service and product.,2024-08-31T16:22:25.031394Z,2024-09-14T05:51:20.450244Z
31ce0f38-75e6-4211-a138-18df6b4115c0,54aacb3f-63df-42cd-929f-d3eb3e7b135f,b25b3209-6f7a-478d-b5f1-2bd4cd740f9d,3,Highly recommend,"It's okay for the price, nothing special.",2022-08-09T21:23:23.152085Z,2024-10-15T10:07:00.334064Z
73230c06-21a1-4911-addc-006a204ae0ea,54aacb3f-63df-42cd-929f-d3eb3e7b135f,4119604b-ca8d-441b-b21c-24240140dc25,1,Excellent quality,"Would definitely buy again, very satisfied with the quality.",2023-04-22T18:50:20.942401Z,2023-12-16T17:04:24.297391Z
47166c16-298e-488f-88ea-2e336eb4abc8,54aacb3f-63df-42cd-929f-d3eb3e7b135f,c3287722-665e-4f08-8fc2-599c07ad58a5,3,Highly recommend,"It's okay for the price, nothing special.",2023-07-29T08:45:38.992237Z,2023-10-13T18:57:41.442237Z
6bde5993-aac5-4ff9-b374-ef4f6b0ae966,54aacb3f-63df-42cd-929f-d3eb3e7b135f,5efaa8d3-3350-42c4-8b93-9a855c4dfd4e,5,Excellent quality,Good but could use some improvements.,2022-11-24T06:12:03.841718Z,2024-04-12T15:02:17.441699Z
0b0b237a-7ecf-4c54-9e2b-c26ec1373481,54aacb3f-63df-42cd-929f-d3eb3e7b135f,603e5878-e3c9-4cd9-84d5-2fb558522dad,2,Could be better,"Poor quality, broke after a week.",2022-12-01T18:24:15.604413Z,2022-12-22T09:01:41.821355Z
098d13bb-d7a5-4428-922c-0d63ddb8bb2e,93e2037d-1605-4db8-b1e9-0e23084a8e9c,11b637ab-c1b4-4643-ac3e-8ccb00034809,4,Could be better,Good but could use some improvements.,2023-02-17T01:57:34.962628Z,2024-08-10T01:21:41.017062Z
47445fcd-30ff-4edb-ad94-2ce77bd4fbfb,e7a24dc7-db39-45a6-b963-d754586054a7,a635fb98-d21e-4c61-b9f8-de3a6fe08232,2,Outstanding,Good product but a bit overpriced.,2024-01-11T09:17:20.790303Z,2024-07-06T12:05:35.812241Z
e08ba4a2-fde9-4bcb-998c-d537b528664e,e7a24dc7-db39-45a6-b963-d754586054a7,e3d330ae-4786-4994-b18a-bec08c75c952,4,Great product!,Good product but a bit overpriced.,2022-11-02T22:29:31.889897Z,2024-08-19T03:53:23.983253Z
09657306-fbcd-4c49-a5d1-9ff777ced08e,abdaf101-9e5c-49d1-a56a-b15d346f734f,d0e4db7f-8791-480e-ac0b-aefc5846adcd,3,Fantastic,I absolutely love this product! Exceeded my expectations.,2022-05-23T03:20:55.720999Z,2024-06-02T13:14:10.092292Z
e6ba41af-fd51-42a3-b887-169c4b64a0d4,abdaf101-9e5c-49d1-a56a-b15d346f734f,1f32f074-2d63-45ca-9e57-e9c2fd9f58ae,5,Outstanding,"Perfect for my needs, great build quality.",2024-04-15T17:00:59.721673Z,2024-05-11T08:56:50.045168Z
4c7e5d30-7f63-4133-83f8-95d8c53c7c88,5fa56508-25c8-49f0-bd32-49dff94802e1,59c79d85-7632-4580-838b-193165a3b0e0,5,Not bad,"Not what I expected, quality could be much improved.",2022-12-04T22:39:50.851952Z,2023-12-27T08:44:10.969784Z
7ec80b75-9f2c-4f17-836f-67f93170a85a,5fa56508-25c8-49f0-bd32-49dff94802e1,f2bec0e9-c87f-4b71-b8da-7323302cc6cd,4,Not bad,"Expected more based on reviews, but it's decent.",2022-11-23T04:48:37.930924Z,2024-01-20T20:28:42.128317Z
845f76f2-e983-4ace-8bb6-037c78777b2d,0d0eabe6-da39-4d9b-b6ce-b09ebd687175,7d6801fc-1265-4b36-89ff-77c4ae06cce9,4,Amazing!,"Not what I expected, quality could be much improved.",2022-11-26T23:30:14.096258Z,2023-08-23T09:45:05.370157Z
ef2f8801-7412-410f-b44b-e09c49f09e13,0d0eabe6-da39-4d9b-b6ce-b09ebd687175,9422869f-1f6f-4b65-aacd-a8e7cbd7db00,5,Highly recommend,Excellent customer service and product.,2023-10-25T23:54:13.728723Z,2023-12-03T02:31:03.222796Z
7a3273a5-138a-40f5-ac99-bdda90cefc02,0d0eabe6-da39-4d9b-b6ce-b09ebd687175,26b5ff73-0df5-4ba1-a91b-29c6ce1ad624,5,Amazing!,Good but could use some improvements.,2023-01-30T06:31:06.356987Z,2023-08-31T18:48:33.538891Z
cbed49c2-921e-4ff9-b7a0-b2d0f3b3ab7c,0d0eabe6-da39-4d9b-b6ce-b09ebd687175,703a27a4-ec0c-47ed-9bda-0e1cc6c5b4a6,4,Disappointed,"Average product, nothing outstanding.",2023-04-10T20:09:54.529018Z,2023-07-27T04:14:58.381308Z
7decbe54-bdaf-49f4-90e6-a0681a09132a,124ae4d8-ddf8-4d9e-9f8e-ee457c3156f7,752081d6-eade-4039-94a6-5e3ba9bf6f16,4,Terrible,Exactly what I was looking for.,2022-07-27T12:12:04.291334Z,2023-10-03T05:43:19.997714Z
1e700670-2b15-446d-b895-3afa6722a290,124ae4d8-ddf8-4d9e-9f8e-ee457c3156f7,46e30fcc-89a8-4bd1-a627-05916f5e3971,4,Not bad,"Expected more based on reviews, but it's decent.",2023-04-18T03:47:07.252248Z,2023-05-04T14:11:17.029974Z
1134ae20-bd04-4e2a-944c-413366193a3d,124ae4d8-ddf8-4d9e-9f8e-ee457c3156f7,6932fe68-6a9b-4b1b-8f18-fdf24d574a18,5,Amazing!,"Perfect for my needs, great build quality.",2022-09-29T03:59:35.088150Z,2023-09-26T13:13:09.416209Z
9f8dd4b8-68d4-4b0c-8691-5bbe28a9ac4e,124ae4d8-ddf8-4d9e-9f8e-ee457c3156f7,3035124c-719b-4373-8a2c-d29a77df9c95,4,Excellent quality,I absolutely love this product! Exceeded my expectations.,2023-03-28T08:23:06.051521Z,2024-04-22T23:59:27.203352Z
19850193-17c1-415b-b202-59bc996c07a3,124ae4d8-ddf8-4d9e-9f8e-ee457c3156f7,2587d0be-4edb-4a38-97b7-83bc0875bc58,3,Could be better,"Poor quality, broke after a week.",2022-10-10T16:38:31.543810Z,2023-12-27T03:43:03.677741Z
93c132ba-00c5-41d6-93e3-b4c606d930b1,124ae4d8-ddf8-4d9e-9f8e-ee457c3156f7,bf6f7798-b705-42dc-98cd-62a8554262bd,5,Highly recommend,"It's okay for the price, nothing special.",2022-02-24T01:36:17.250365Z,2022-07-08T17:06:17.237465Z
19f39381-b03c-4200-822e-bed503dcdd76,124ae4d8-ddf8-4d9e-9f8e-ee457c3156f7,43aad5d4-8cd0-4371-90ba-f9000c440ca1,4,Okay product,Good product but a bit overpriced.,2023-02-06T12:06:14.769575Z,2023-11-07T15:13:10.823895Z
26c35c89-269e-4726-ba1d-7f5339251c39,a02044a3-ad8d-49c2-8c9b-ffb673646b40,cd4ec50e-68cf-42df-9c4d-c1c93f186a05,4,Okay product,"Poor quality, broke after a week.",2022-10-22T23:00:06.194069Z,2024-03-20T22:39:30.774992Z
b307562f-5785-4a95-a3fd-02da386a534f,a02044a3-ad8d-49c2-8c9b-ffb673646b40,879149a5-330d-48f8-8290-f246919dd923,5,Okay product,"Would definitely buy again, very satisfied with the quality.",2022-06-24T10:43:04.174740Z,2023-01-01T10:57:29.148723Z
20f30a4b-9834-4326-a0e5-9769b3854a4a,a02044a3-ad8d-49c2-8c9b-ffb673646b40,f7a14e15-6d54-4621-b589-e71378d01c71,1,Amazing!,Good product but a bit overpriced.,2022-12-09T00:11:16.924065Z,2023-02-25T05:43:48.894529Z
612a84f1-4731-4817-b187-bde4f26cb7dd,a02044a3-ad8d-49c2-8c9b-ffb673646b40,887722d2-bffb-40c6-bf01-5709a6686615,4,Amazing!,"Poor quality, broke after a week.",2022-01-02T15:55:15.495523Z,2022-08-14T01:52:01.594822Z
b540092c-4792-4dfd-83af-db5d482fb2b5,8b33fed3-ef3f-4e7e-8afb-805b39af2b22,a50b1992-8de5-4289-a705-10f7756b1610,3,Perfect,"Expected more based on reviews, but it's decent.",2024-02-13T04:49:06.104849Z,2024-07-17T23:21:28.514496Z
b3604cae-eb32-4119-a236-428e0f6560a7,8b33fed3-ef3f-4e7e-8afb-805b39af2b22,64ccb899-5dd6-4100-9ece-c1648b3e1282,4,Perfect,"Not what I expected, quality could be much improved.",2023-11-11T15:16:23.481035Z,2023-11-17T11:19:45.349950Z
9f8c4042-451c-4fa2-8883-dd5d1d397501,8b33fed3-ef3f-4e7e-8afb-805b39af2b22,21f219e5-745f-48ba-b27a-692cee878183,4,Love it,Good but could use some improvements.,2024-06-04T19:30:07.283049Z,2024-11-26T16:46:40.021734Z
8414be1a-d779-4897-bd50-8c1041d8f2b0,8b33fed3-ef3f-4e7e-8afb-805b39af2b22,711706f2-c0f6-4fc3-8795-812f30c46077,5,Fantastic,"Would definitely buy again, very satisfied with the quality.",2023-11-07T04:22:31.032405Z,2024-03-11T18:47:44.451643Z
f9ce03a5-77ac-45cf-ba2b-6e2221a7bbe5,8b33fed3-ef3f-4e7e-8afb-805b39af2b22,67e682e8-d049-472b-a7f1-b626baf3a037,3,Not bad,"Would definitely buy again, very satisfied with the quality.",2024-07-31T12:40:06.287230Z,2024-12-17T14:56:33.183450Z
8e298baf-2b70-40dd-b99f-867b4cecc808,44e5d4f7-d268-42c1-8285-67c74a8ee114,11b637ab-c1b4-4643-ac3e-8ccb00034809,5,Poor quality,"Perfect for my needs, great build quality.",2023-02-05T18:26:17.324348Z,2023-08-19T01:37:33.735928Z
f43cd3fa-3d67-478d-993e-539b30ea0b36,44e5d4f7-d268-42c1-8285-67c74a8ee114,394443c6-ec5d-4b6b-9279-dbfb519edafb,5,Not bad,Good product but a bit overpriced.,2024-03-25T14:36:50.830829Z,2024-09-18T09:07:00.523162Z
bfb5275e-1cd5-4d79-9b04-d1ece97afd00,44e5d4f7-d268-42c1-8285-67c74a8ee114,9e97385e-c346-4acd-89d6-ec5a6fc5408e,5,Amazing!,Excellent customer service and product.,2022-06-03T16:18:39.585253Z,2024-04-13T05:19:31.302262Z
61afc04c-1277-4057-97e3-cf15a2e6951c,44e5d4f7-d268-42c1-8285-67c74a8ee114,282cf4dc-f545-4df3-92f6-a34532460abc,5,Great product!,Amazing quality and fast shipping!,2022-02-11T06:18:52.621880Z,2022-10-21T01:31:19.005337Z
9a64d248-0cc1-40d4-a52a-e452ee6e75e7,44e5d4f7-d268-42c1-8285-67c74a8ee114,96cbd1e3-e407-422e-9730-ee75a2294902,4,Fantastic,I absolutely love this product! Exceeded my expectations.,2022-02-21T08:08:22.921406Z,2023-09-24T16:42:49.587988Z
a327e8d7-8033-44f4-b942-df7636d9573b,14d413b9-38bd-451e-ac90-eb0d5563dcbe,19875587-3860-4584-bce9-a1e143c8d92b,2,Disappointed,"Expected more based on reviews, but it's decent.",2024-01-21T06:27:37.962865Z,2024-03-02T09:14:02.496162Z
ed0487d2-d9ca-4a3f-ae0a-c94faad21682,14d413b9-38bd-451e-ac90-eb0d5563dcbe,d71a068e-3ba8-47bf-b914-50699f3c86ba,4,Outstanding,Excellent customer service and product.,2023-10-15T12:27:25.948083Z,2023-12-04T08:58:19.626040Z
a88bd2f4-a77b-4983-b64f-df11a68138c3,14d413b9-38bd-451e-ac90-eb0d5563dcbe,04a92595-a7ee-4bf8-8e14-5c4bf33c3c8f,3,Good value,Excellent customer service and product.,2024-06-15T10:51:37.145936Z,2024-12-06T06:16:08.436535Z
de3d4b83-de34-46d3-8b74-577672928b88,9333e1d6-1519-4747-8ab1-9e37fe6e2e0c,b05aae3f-beb5-4b06-bd33-ea7140d90612,4,Disappointed,"Poor quality, broke after a week.",2024-08-07T20:29:34.192279Z,2024-11-11T13:06:08.552150Z
43455645-3341-46cd-b5ac-041a93193907,9333e1d6-1519-4747-8ab1-9e37fe6e2e0c,d7d9e5fe-3495-4bde-b1e1-ee707fea7fbb,5,Perfect,Highly recommend to everyone!,2023-12-03T22:22:29.371399Z,2024-07-08T14:26:26.483691Z
4bfb08f3-ce09-4fb1-9d1a-383024726930,9333e1d6-1519-4747-8ab1-9e37fe6e2e0c,d0e4db7f-8791-480e-ac0b-aefc5846adcd,5,Great product!,Best purchase I've made this year!,2023-03-08T02:48:08.645092Z,2024-01-11T07:37:32.391235Z
72314f4d-1643-46f7-8958-4543cb1be34b,9333e1d6-1519-4747-8ab1-9e37fe6e2e0c,b5292638-432c-452a-83b6-6feac4bb233d,4,Poor quality,"Poor quality, broke after a week.",2024-06-17T09:03:48.886159Z,2024-09-25T04:25:42.006242Z
369f4015-c507-4673-92d8-aa83cd5f6d60,ca033b73-05f5-4fa9-9348-dba821498f34,2329ca74-6581-4d95-a38a-b30cbb7e98d7,5,Perfect,Amazing quality and fast shipping!,2024-05-09T01:05:03.283298Z,2024-12-07T20:06:21.623210Z
d3854123-3013-4a2f-a47b-9f8960f35a6a,ca033b73-05f5-4fa9-9348-dba821498f34,33ba3521-03b0-4316-aaa4-036b9c9febe0,5,Terrible,Amazing quality and fast shipping!,2023-12-09T10:55:03.127341Z,2024-12-22T18:43:32.775278Z
1c2b83af-7a4a-481d-9885-ff997bb3d011,ca033b73-05f5-4fa9-9348-dba821498f34,bc428685-2bb7-4587-94fa-c2e2142b0376,2,Highly recommend,Exactly what I was looking for.,2022-05-28T17:47:31.143028Z,2023-01-11T21:40:54.162293Z
a21a9b8c-52dc-4d7c-934a-f6ca7d827996,ca033b73-05f5-4fa9-9348-dba821498f34,b05aae3f-beb5-4b06-bd33-ea7140d90612,4,Okay product,Highly recommend to everyone!,2022-01-07T15:39:44.210449Z,2022-08-29T02:00:09.633120Z
d9db8093-68de-473a-ac1d-9061707262a1,ca033b73-05f5-4fa9-9348-dba821498f34,a8e90bc0-b7e0-4167-a78d-8743a9a0d080,2,Not bad,"Would definitely buy again, very satisfied with the quality.",2022-07-29T03:30:01.873176Z,2023-12-28T14:25:03.971027Z
f06dc23a-9c35-4297-a81f-5d61bd85907b,ca033b73-05f5-4fa9-9348-dba821498f34,ef5a6c45-f4b3-4c9d-bab8-381495cf7124,3,Amazing!,"Expected more based on reviews, but it's decent.",2024-04-19T07:53:54.573276Z,2024-06-24T19:43:28.901055Z
c17df5b9-d2af-4506-ae4c-0fee9170389f,ca033b73-05f5-4fa9-9348-dba821498f34,50154ee8-40e2-43af-a64c-7eee045f0204,4,Good value,"Expected more based on reviews, but it's decent.",2023-10-14T00:11:09.858311Z,2024-10-29T21:15:10.536362Z
b9a700ec-f452-4f1a-a1c6-44cbebfb8986,ca033b73-05f5-4fa9-9348-dba821498f34,b9050064-bfc8-45f9-b041-922efa02a48e,5,Highly recommend,Amazing quality and fast shipping!,2023-05-07T09:18:42.104878Z,2024-12-29T15:23:42.288548Z
40d5c387-a07b-4e9a-b7b1-255e4867510b,bfab9943-f6bf-41b6-abe3-cf355418410b,485b345b-c1dc-46b2-9213-4ab5431d0668,5,Not bad,Amazing quality and fast shipping!,2023-03-03T13:09:01.297189Z,2024-06-13T03:36:24.011554Z
147ac25a-bf68-44a9-afb2-23faf314b667,bfab9943-f6bf-41b6-abe3-cf355418410b,795ac722-506d-49d9-b9df-eab043cb0535,4,Love it,Excellent customer service and product.,2024-07-03T21:39:28.044702Z,2024-10-01T04:29:56.758188Z
9128be8f-6e9d-4319-a93f-8e831655ba95,bfab9943-f6bf-41b6-abe3-cf355418410b,c3fcb921-9657-4dac-aa9c-7eafd981ce88,3,Could be better,"Perfect for my needs, great build quality.",2023-05-28T16:13:22.946392Z,2024-11-15T12:32:04.182973Z
9b8c7e58-5bc6-4398-abca-2cf2451173b1,bfab9943-f6bf-41b6-abe3-cf355418410b,155f0b20-9d0a-4ef4-9a7d-6600cfe0fba9,3,Love it,"Average product, nothing outstanding.",2023-07-31T10:29:45.900374Z,2023-12-21T08:50:48.690428Z
3337ab7f-1370-40ba-8bfa-4a2cb97bdf85,bfab9943-f6bf-41b6-abe3-cf355418410b,7c6e1ec5-5816-4d0c-8111-eb31ad9d9dd8,5,Not bad,Highly recommend to everyone!,2024-05-09T20:30:24.494668Z,2024-10-11T21:11:36.742916Z
402842c4-12c9-4ab3-8922-945211def19a,bfab9943-f6bf-41b6-abe3-cf355418410b,9e97385e-c346-4acd-89d6-ec5a6fc5408e,4,Love it,Exactly what I was looking for.,2022-09-23T04:44:20.617456Z,2024-05-09T11:37:39.870198Z
50c63324-bed5-452e-b6b7-fc5580d997db,bfab9943-f6bf-41b6-abe3-cf355418410b,37055a2e-8ef1-474b-a69b-6e857347d87e,2,Great product!,Good but could use some improvements.,2024-01-21T05:14:06.697576Z,2024-03-15T15:59:43.499555Z
d0f6350b-2d84-4bde-92d5-11d717f158aa,9e8d79e1-02d9-447c-a7bf-a930629265f1,0017ffbe-97c4-4b23-99fe-e540bb9898fd,3,Outstanding,Best purchase I've made this year!,2024-07-28T23:50:15.110553Z,2024-09-10T23:57:24.792528Z
b5cab488-be77-4d9a-a922-0a5268774214,9e8d79e1-02d9-447c-a7bf-a930629265f1,06910d1f-1765-4de9-af4e-c4acaeac42e8,4,Not bad,I absolutely love this product! Exceeded my expectations.,2023-09-19T08:07:02.887936Z,2024-10-06T02:28:48.392505Z
fd306129-1882-4861-b1b7-c808966bd1bc,9e8d79e1-02d9-447c-a7bf-a930629265f1,953a368e-10fd-45c9-abb9-2c7aac2a5a68,4,Great product!,Highly recommend to everyone!,2022-06-28T10:06:44.471345Z,2023-07-19T04:40:36.583499Z
6b98e1e2-aeed-4724-ab3d-eb9a74b052d6,9e8d79e1-02d9-447c-a7bf-a930629265f1,4e8f8352-6f54-423b-9192-cc1b34bf93e3,3,Amazing!,Amazing quality and fast shipping!,2023-11-27T09:14:12.778204Z,2024-02-17T13:52:33.847954Z
7439b6e0-80e7-4b63-9f16-f6ed6a1023dd,9e8d79e1-02d9-447c-a7bf-a930629265f1,b25b3209-6f7a-478d-b5f1-2bd4cd740f9d,3,Terrible,I absolutely love this product! Exceeded my expectations.,2023-10-07T21:06:13.034853Z,2024-11-24T04:57:00.377027Z
85ecda91-0d38-436a-a5a0-89053a53d73c,9e8d79e1-02d9-447c-a7bf-a930629265f1,d446e02d-7856-43f2-a678-59c42195a910,4,Perfect,Good but could use some improvements.,2022-03-15T10:11:43.765436Z,2024-11-19T23:41:33.520277Z
a1a1811e-bcb0-4749-9d6f-d794b149c694,d33ed18c-d598-43bd-bb9d-a459fb866368,3398bad2-9f43-47c5-bae3-f16c96f5422f,3,Fantastic,Amazing quality and fast shipping!,2023-05-28T11:22:39.943462Z,2024-12-20T04:51:04.460197Z
a6e200bc-29ac-448e-9141-c4b66e50707e,d33ed18c-d598-43bd-bb9d-a459fb866368,e50431f7-12b9-4a54-80ec-5f8a6a03c22f,4,Fantastic,"It's okay for the price, nothing special.",2023-08-06T02:08:50.542372Z,2024-06-06T03:07:31.241773Z
df7cb4e0-ae5a-422c-88cd-d4a0d426c58f,d33ed18c-d598-43bd-bb9d-a459fb866368,28e24c73-fdee-479e-ad4a-c89a4ae1e2fd,4,Excellent quality,I absolutely love this product! Exceeded my expectations.,2022-08-18T09:59:53.263592Z,2023-09-21T22:22:04.914822Z
2ee0a8c9-e53e-4f12-a747-7227fc0a6e99,d33ed18c-d598-43bd-bb9d-a459fb866368,9329c9fe-e8f1-4710-9504-2cb632ae9317,3,Disappointed,"It's okay for the price, nothing special.",2023-07-02T18:15:54.542910Z,2024-11-25T09:25:39.059399Z
857ef18e-31c6-45fa-a487-54f6a38a311f,ee4671d6-ed1e-49ed-963f-33095b67302a,3b9bfe23-674e-4287-a736-ea74883af3ae,4,Poor quality,"Not what I expected, quality could be much improved.",2023-10-31T00:02:21.441875Z,2024-03-12T06:21:56.801883Z
371dec8d-71e0-415f-bf87-5e43e6f53979,ee4671d6-ed1e-49ed-963f-33095b67302a,6eebf53f-7070-4bb0-aaea-315d95ed21c2,2,Perfect,Good but could use some improvements.,2024-01-22T10:59:48.695558Z,2024-02-22T07:31:04.844797Z
b53bf5c9-a5e9-462d-bf31-313bc4ac5c65,ce0950ac-cd47-46fa-b392-d2d4b8169c2b,cd4ec50e-68cf-42df-9c4d-c1c93f186a05,5,Good value,"Poor quality, broke after a week.",2024-01-28T19:59:05.930630Z,2024-11-05T15:08:17.758466Z
489b5516-cfd7-4e13-8a7c-ff63767d9a05,a703f494-11dc-4d67-943c-bfa86b3c0b1d,5cd9ce2f-7b9b-4949-b686-931afd1ca157,1,Perfect,"Would definitely buy again, very satisfied with the quality.",2023-10-28T11:27:30.318157Z,2024-12-01T07:01:59.058045Z
8fdabe0d-3518-4d0f-a2c9-4446f83068c2,aae62747-546e-47c9-98db-156f24400203,d446e02d-7856-43f2-a678-59c42195a910,5,Highly recommend,Exactly what I was looking for.,2023-09-15T12:43:43.773768Z,2023-09-24T17:30:03.405929Z
672bca36-bb87-4189-8f53-f706592b8d5f,68db4103-e11f-40bf-8f10-d9bec8df67c3,ce1ccc2c-f814-47eb-a483-316e81afd0a4,2,Okay product,Good product but a bit overpriced.,2023-07-17T04:07:28.123724Z,2024-07-27T11:12:21.457729Z
2da5a2f0-c81b-45cd-97d2-54bb92ffd328,68db4103-e11f-40bf-8f10-d9bec8df67c3,9748140e-e276-44c5-b816-749a181e3a80,2,Highly recommend,"It's okay for the price, nothing special.",2023-08-26T00:14:26.783785Z,2024-09-14T17:36:02.840713Z
a777a2a9-f861-43be-b5d4-6ffda45584b7,68db4103-e11f-40bf-8f10-d9bec8df67c3,af611da6-c547-4e17-955c-fcce29c751a5,5,Highly recommend,Good but could use some improvements.,2022-02-28T02:03:08.459859Z,2023-03-04T09:02:20.366652Z
d43cbc28-5592-482a-a222-450b476414cb,68db4103-e11f-40bf-8f10-d9bec8df67c3,c3287722-665e-4f08-8fc2-599c07ad58a5,5,Highly recommend,"Not what I expected, quality could be much improved.",2022-05-13T19:25:30.689525Z,2022-09-15T21:04:04.262352Z
0e76383f-e158-4fa3-924a-32f117fce610,68db4103-e11f-40bf-8f10-d9bec8df67c3,a0262b67-7ce9-4217-92ec-b72bd445a343,4,Amazing!,"Average product, nothing outstanding.",2024-01-23T11:57:58.900475Z,2024-05-14T14:45:19.987157Z
5618ec98-68e9-4ee7-b7dc-56ce6be15eb9,68db4103-e11f-40bf-8f10-d9bec8df67c3,491f4c9c-d05e-4cfb-a6b7-7448f6f160d8,5,Disappointed,Good but could use some improvements.,2023-11-01T07:33:57.280531Z,2024-04-12T22:34:32.109448Z
4f6e52a5-ae8b-4e9a-8e3f-5ce1e7ee6b22,68db4103-e11f-40bf-8f10-d9bec8df67c3,fdb7317b-afc6-43b7-a437-7b8b28d8ec81,4,Good value,"Average product, nothing outstanding.",2024-08-31T19:31:17.082256Z,2024-09-26T04:53:33.241734Z
fa33aee6-466f-4c8e-944c-9ad26e3f7ed6,71768175-68a5-4711-b2f3-34193f7bc5f3,b9050064-bfc8-45f9-b041-922efa02a48e,4,Not bad,"Perfect for my needs, great build quality.",2024-01-13T04:02:15.732264Z,2024-08-25T20:48:29.999340Z
e7175b47-53da-44eb-8959-b145ec3757be,71768175-68a5-4711-b2f3-34193f7bc5f3,5b32bc59-a55a-4e63-a967-da3accb76823,1,Fantastic,I absolutely love this product! Exceeded my expectations.,2022-10-04T08:37:24.315005Z,2022-12-29T01:17:54.639366Z
54ef2b24-a530-4c74-a53f-b4966cb5dc38,71768175-68a5-4711-b2f3-34193f7bc5f3,32c9caa3-18ad-44c5-acd0-c2ec87dadd1c,4,Fantastic,Good product but a bit overpriced.,2023-01-29T14:02:14.215723Z,2024-02-21T05:42:27.558358Z
afc74ed8-d61f-46ad-aef7-ced0e4d8e560,71768175-68a5-4711-b2f3-34193f7bc5f3,28e24c73-fdee-479e-ad4a-c89a4ae1e2fd,5,Great product!,Exactly what I was looking for.,2024-02-21T11:59:01.954260Z,2024-12-28T10:59:53.951529Z
73d6d41f-129f-4703-aa19-496dea51cfb5,71768175-68a5-4711-b2f3-34193f7bc5f3,d6a56ad9-baf4-4cac-9d3e-5432799930c9,5,Terrible,"Would definitely buy again, very satisfied with the quality.",2024-02-15T00:21:46.869520Z,2024-12-29T13:55:27.820628Z
7df75f18-c100-4708-92af-9a8b0a593840,363ef7bf-30e4-49fc-b0a3-c1e957ed8e46,2329ca74-6581-4d95-a38a-b30cbb7e98d7,2,Good value,"Average product, nothing outstanding.",2024-08-12T21:18:54.983539Z,2024-12-26T14:27:36.754157Z
b33ff3b3-f9f3-4f94-814d-2a9bb2d6de2c,a9fbfa3e-2c9d-447c-8c32-69ae329cff8e,0db8ace9-95e1-4e13-9691-3c02d197137d,5,Amazing!,"Average product, nothing outstanding.",2024-08-04T07:08:58.015920Z,2024-10-14T21:17:05.262073Z
b8d35426-8d54-4645-8782-9a1eba26f9f1,a9fbfa3e-2c9d-447c-8c32-69ae329cff8e,957482b0-942a-4bd3-a467-4454a1864cd0,4,Excellent quality,"Poor quality, broke after a week.",2023-02-09T01:39:17.379264Z,2023-11-11T21:16:50.684752Z
04ae28e1-3666-4445-860f-bd0e63084152,a9fbfa3e-2c9d-447c-8c32-69ae329cff8e,5d906b4f-1580-4ddc-a67c-1253a53f2b45,5,Great product!,"It's okay for the price, nothing special.",2022-11-11T18:42:20.876609Z,2023-08-08T05:28:29.018105Z
300341ce-feb5-49f3-8c6a-31cb1ae1e3a9,a9fbfa3e-2c9d-447c-8c32-69ae329cff8e,b6957644-eaf8-490a-ba34-14eaa1bdc522,1,Great product!,"Perfect for my needs, great build quality.",2023-05-07T20:54:35.228424Z,2024-06-28T01:37:05.289874Z
7709a910-80ab-43e7-9eb2-d0a5e258f2b5,a9fbfa3e-2c9d-447c-8c32-69ae329cff8e,9338204c-e848-43e6-af89-1d311b466026,4,Excellent quality,"It's okay for the price, nothing special.",2023-03-28T05:16:49.824952Z,2024-01-04T08:55:31.133402Z
49238346-b42a-4abd-b0c4-6b0075af85ab,f6a03f62-b489-4f2d-a650-3cbd9de1104a,6123b3eb-f138-44b9-a8ee-5dd7d23b3b1d,3,Fantastic,"Poor quality, broke after a week.",2023-11-03T01:14:07.686398Z,2023-11-22T05:43:32.902373Z
3cc6ae5b-da53-43b9-9e0c-8842a03b14cc,f6a03f62-b489-4f2d-a650-3cbd9de1104a,b6957644-eaf8-490a-ba34-14eaa1bdc522,4,Great product!,Exactly what I was looking for.,2024-01-05T07:03:45.271638Z,2024-05-15T00:43:54.899143Z
babf15da-d742-4c4c-8e34-f093d6264be3,f6a03f62-b489-4f2d-a650-3cbd9de1104a,8f634fb1-1bf2-4640-9f50-c028b0a54c0e,4,Okay product,I absolutely love this product! Exceeded my expectations.,2023-09-07T07:22:06.081242Z,2024-05-23T14:07:32.081212Z
bf8b7126-08ad-4ada-af54-a512af1c2e8d,f6a03f62-b489-4f2d-a650-3cbd9de1104a,5597da9f-fe31-4793-b926-b00377dbffea,3,Terrible,"Perfect for my needs, great build quality.",2024-04-29T21:26:04.673067Z,2024-08-16T09:09:01.342402Z
8d2076d6-4684-4b44-b1b5-fe023ae25db2,0c39abc0-9177-4a13-aa24-5a2ea6588cb5,6d280020-c0df-48fa-a880-778fc912386d,5,Poor quality,Excellent customer service and product.,2023-01-19T15:18:39.032670Z,2023-07-02T11:02:18.975499Z
0ed8a4e9-9f44-4982-a8f8-cedd5fd93120,0c39abc0-9177-4a13-aa24-5a2ea6588cb5,078f6088-d9a7-4665-96bc-42dcbb69125f,5,Great product!,"It's okay for the price, nothing special.",2023-09-16T06:51:20.535608Z,2024-09-16T23:32:50.609732Z
fc9cac44-acf7-4f85-bdc1-e29308ffce0d,0c39abc0-9177-4a13-aa24-5a2ea6588cb5,9e1833fb-4391-471f-a23b-c4484fa33848,4,Highly recommend,Good product but a bit overpriced.,2024-04-30T18:02:42.761538Z,2024-06-07T12:48:41.082255Z
20ed04c3-3d2a-4fb5-8b3d-70bfa620c67a,0c39abc0-9177-4a13-aa24-5a2ea6588cb5,12badee1-43de-4f2e-be07-75f88c291e83,2,Poor quality,"Would definitely buy again, very satisfied with the quality.",2023-08-02T16:36:40.574863Z,2024-10-03T17:46:07.888767Z
b43de317-c048-4b0c-99c7-dce73b0876f4,0c39abc0-9177-4a13-aa24-5a2ea6588cb5,b2287d23-2ec5-4025-9348-2a82fbe01cab,4,Great product!,"Poor quality, broke after a week.",2023-04-29T21:33:33.462440Z,2024-03-18T08:12:53.603186Z
d28f4a1b-4f96-4fc8-85df-3106ad2b2c4d,0c39abc0-9177-4a13-aa24-5a2ea6588cb5,2587d0be-4edb-4a38-97b7-83bc0875bc58,5,Excellent quality,"Would definitely buy again, very satisfied with the quality.",2024-03-29T11:14:29.330108Z,2024-05-27T22:15:28.768394Z
72ad6078-59a3-4a4a-990b-dee9600b79b6,6a21cb7c-f25e-404b-a05d-870382b4bba8,db9fb934-914b-45f3-956c-befac6258bff,2,Perfect,Exactly what I was looking for.,2022-03-20T11:41:30.634617Z,2022-11-10T14:50:26.240924Z
27316cb1-3983-4d01-888f-a62a8c64c654,6a21cb7c-f25e-404b-a05d-870382b4bba8,af9fa109-fd8f-4f07-b159-a2f7fe1fb3b7,5,Could be better,Highly recommend to everyone!,2023-07-05T07:49:58.427417Z,2023-11-23T19:16:50.300820Z
4ffc3d2d-ce20-4594-9a0c-39870c801190,6a21cb7c-f25e-404b-a05d-870382b4bba8,96284808-e74c-4dc9-a775-69fc91331e3e,4,Not bad,Good product but a bit overpriced.,2023-03-08T16:09:36.518206Z,2024-12-14T06:57:11.918977Z
826fae59-aa21-4920-8a1b-06ffdc02a6ed,6a21cb7c-f25e-404b-a05d-870382b4bba8,b1fca6b9-9085-4cbd-9a81-c39616b7b619,1,Not bad,Good product but a bit overpriced.,2022-09-27T17:45:59.492684Z,2024-10-26T03:08:55.035730Z
9f3edc9d-bd53-49de-b7b4-b9d01f589363,6a21cb7c-f25e-404b-a05d-870382b4bba8,3398bad2-9f43-47c5-bae3-f16c96f5422f,4,Okay product,"Expected more based on reviews, but it's decent.",2022-03-16T04:32:55.555021Z,2024-10-11T12:57:27.371581Z
98c39069-4fe7-43df-b187-d82ed248d095,6a21cb7c-f25e-404b-a05d-870382b4bba8,b5292638-432c-452a-83b6-6feac4bb233d,4,Perfect,"Would definitely buy again, very satisfied with the quality.",2023-12-31T09:07:21.941019Z,2024-06-20T18:38:39.113006Z
9fda9800-2b85-492c-9891-5abbcde53061,6a21cb7c-f25e-404b-a05d-870382b4bba8,008ff51c-d588-4e92-bb1b-5bdb496d8b6b,1,Okay product,Highly recommend to everyone!,2022-12-30T14:58:26.661475Z,2024-04-03T23:53:27.303343Z
79b1a8e2-4d18-4a77-8da5-f19e050c907f,ca635524-b780-43d9-9b3a-3fd3ec36f6c7,37f170a2-fd91-4f8d-a8e0-8614241277a5,2,Could be better,"Average product, nothing outstanding.",2024-02-24T18:58:52.982118Z,2024-11-10T02:09:57.008161Z
f4fcc5a9-1927-4bd2-a68d-8ef1f2a4bbcf,ca635524-b780-43d9-9b3a-3fd3ec36f6c7,f8a8a5c5-8923-4ebb-9e79-a38f5697c0ba,4,Love it,Excellent customer service and product.,2023-04-10T12:20:28.185306Z,2024-09-11T23:37:17.990661Z
e8b52f0d-9ed2-4d3d-938e-87da171def5d,ca635524-b780-43d9-9b3a-3fd3ec36f6c7,95c156e2-8d1a-4ed2-8522-95c8550c2f12,2,Disappointed,Amazing quality and fast shipping!,2022-12-16T01:36:33.940888Z,2024-06-05T18:32:54.973124Z
86080c4b-44b5-4501-b10b-d8f60a28cfe4,ca635524-b780-43d9-9b3a-3fd3ec36f6c7,e50431f7-12b9-4a54-80ec-5f8a6a03c22f,3,Good value,"Perfect for my needs, great build quality.",2024-02-15T05:09:02.853527Z,2024-06-01T13:33:17.603075Z
7983ca64-a355-4d54-8f3f-05105a948de5,ca635524-b780-43d9-9b3a-3fd3ec36f6c7,a8e90bc0-b7e0-4167-a78d-8743a9a0d080,4,Not bad,"Perfect for my needs, great build quality.",2022-10-19T05:07:18.287150Z,2024-02-29T14:14:56.177545Z
5e2af2b5-a19a-4768-b283-cc757af2311f,ca635524-b780-43d9-9b3a-3fd3ec36f6c7,9a639156-69c3-4994-8e34-b0c5b7fbe58c,5,Disappointed,"Poor quality, broke after a week.",2024-02-11T03:59:14.698806Z,2024-07-02T04:06:13.578985Z
07af7cf5-b946-4559-98ca-4e6502a765ca,ca635524-b780-43d9-9b3a-3fd3ec36f6c7,b72580ee-bb66-4f1f-9715-a70d641f8a61,4,Could be better,I absolutely love this product! Exceeded my expectations.,2023-09-05T01:57:34.564045Z,2024-10-18T06:00:31.872944Z
981bc3a4-33d0-4fda-9df2-46f06fa4d661,ca635524-b780-43d9-9b3a-3fd3ec36f6c7,3e60ab67-081d-4d24-87e6-06d1f69b3b56,1,Highly recommend,"Not what I expected, quality could be much improved.",2024-08-22T18:27:46.466432Z,2024-09-23T14:18:58.114939Z
1a0440e8-61a4-40a9-823f-8274e7840b1e,f033586d-f7ab-4170-899e-25cc3cb300cd,99ad04d3-63a2-4c4f-a8f6-3fcf610bb70d,5,Amazing!,"Not what I expected, quality could be much improved.",2022-03-30T04:17:46.701199Z,2022-07-27T11:51:05.780431Z
fe31530c-d249-439e-ac7e-f03ef906057c,f033586d-f7ab-4170-899e-25cc3cb300cd,1e01df1a-1ed3-4517-a806-8bb494adb7e4,3,Not bad,"Perfect for my needs, great build quality.",2022-06-10T16:21:17.475491Z,2024-03-16T23:32:43.814791Z
fd1f5eb7-931a-4f38-b942-3e883abddea9,60d5206f-c108-4486-88c2-36042c81851c,b3c432b4-c718-4b7c-af3c-67f40040edfd,5,Poor quality,Highly recommend to everyone!,2022-02-09T13:06:59.739354Z,2023-11-21T06:53:35.693245Z
6870726f-312b-449c-8902-1e2b3f865ad6,60d5206f-c108-4486-88c2-36042c81851c,bce4cfeb-55da-45cf-ad60-fd9c32cc96f3,5,Great product!,Excellent customer service and product.,2023-10-05T00:15:08.614825Z,2024-04-14T07:43:12.278172Z
4d10366b-64fe-448d-ac15-40628130752d,11fa87c3-e1aa-42f6-84a8-5b7d176337cd,fdbe5f2c-1d06-418b-8e32-67d2323d7e32,4,Could be better,"Average product, nothing outstanding.",2023-05-24T09:08:12.665607Z,2023-08-22T16:54:46.785851Z
e2659baf-beed-4cb8-9f8a-f5b05eef6b6e,11fa87c3-e1aa-42f6-84a8-5b7d176337cd,f4bc27c1-0057-46e4-b5d5-f4dd1b15c35d,1,Not bad,Amazing quality and fast shipping!,2023-07-26T19:13:45.186767Z,2023-09-03T13:44:16.643173Z
de66bc99-ae17-4e2c-bd43-4804f933140f,11fa87c3-e1aa-42f6-84a8-5b7d176337cd,53df24b7-d85b-4796-9371-e99886876f0d,4,Highly recommend,Excellent customer service and product.,2022-12-24T15:33:42.188811Z,2023-10-27T07:56:18.700423Z
7f245dcf-0922-4dd6-a315-d483d9c970e0,11fa87c3-e1aa-42f6-84a8-5b7d176337cd,175b54d5-7333-4247-886b-ab08d40810c0,4,Love it,Good product but a bit overpriced.,2023-09-05T11:34:30.309767Z,2023-10-24T07:07:56.940382Z
db6eab12-7b6b-44ce-a1d8-189f3c1173ef,11fa87c3-e1aa-42f6-84a8-5b7d176337cd,d05fb210-296d-48ed-ad57-251141c77bfd,5,Good value,Amazing quality and fast shipping!,2022-11-30T07:42:27.121445Z,2023-05-29T14:20:42.119051Z
f1243704-e3a0-4d28-9c02-087773fbd482,11fa87c3-e1aa-42f6-84a8-5b7d176337cd,cd4ec50e-68cf-42df-9c4d-c1c93f186a05,5,Okay product,"Expected more based on reviews, but it's decent.",2024-03-03T15:53:51.905979Z,2024-11-08T19:26:43.246268Z
cb7428f7-6823-485e-8f79-ef7eecf99f16,11fa87c3-e1aa-42f6-84a8-5b7d176337cd,d0e4db7f-8791-480e-ac0b-aefc5846adcd,3,Perfect,"Would definitely buy again, very satisfied with the quality.",2024-06-30T13:03:35.809289Z,2024-09-20T08:43:20.431204Z
afff5619-8fcc-41db-9b5c-721ffc75497b,11fa87c3-e1aa-42f6-84a8-5b7d176337cd,dd830522-495d-49a1-a64d-ab9d3271db58,5,Good value,Good product but a bit overpriced.,2022-09-24T01:17:31.763559Z,2023-05-06T10:40:52.047844Z
d9296845-aa5c-4a7f-9aa8-fead6b6d51b4,b12c5d61-54bc-4716-9c31-973800975c5a,a24a2319-f51e-4e24-a6a3-e089646464b4,4,Terrible,Highly recommend to everyone!,2022-06-20T17:13:49.655660Z,2022-10-10T19:39:21.135492Z
56d53f94-883a-4d73-9e98-56565110faba,b12c5d61-54bc-4716-9c31-973800975c5a,29b62cd7-ee85-4dff-aff5-de18589aa7ff,4,Okay product,I absolutely love this product! Exceeded my expectations.,2024-04-01T12:05:49.738963Z,2024-09-18T11:49:49.579751Z
b7d97062-e471-4c53-a4b6-dcea5a5410d5,b12c5d61-54bc-4716-9c31-973800975c5a,f3f051f2-ba2d-4ba0-afbd-e35a9522733f,5,Perfect,"Would definitely buy again, very satisfied with the quality.",2023-01-06T17:12:10.878862Z,2024-07-07T12:55:45.240474Z
987a25be-0674-4e59-8904-39c256296929,b12c5d61-54bc-4716-9c31-973800975c5a,bd489f37-d66b-4cc5-ad24-a85cac479de0,5,Poor quality,"Perfect for my needs, great build quality.",2022-12-06T13:13:35.768956Z,2023-08-17T00:02:54.021001Z
fa93d207-20f6-46fe-a8df-e181d63e492a,b12c5d61-54bc-4716-9c31-973800975c5a,d05fb210-296d-48ed-ad57-251141c77bfd,5,Not bad,Exactly what I was looking for.,2023-02-12T15:02:10.296841Z,2023-12-17T00:14:40.809932Z
e3b711ca-7353-4295-9390-3b79a9eb2b76,807f7d13-a059-46b8-8248-1c05047b3387,85f2cc36-73c8-4414-ad32-f3281064d6a4,3,Not bad,Good but could use some improvements.,2024-03-13T12:41:25.137566Z,2024-07-29T02:04:04.529016Z
967664c4-d8c1-4095-b9db-6d954580af4d,807f7d13-a059-46b8-8248-1c05047b3387,008ff51c-d588-4e92-bb1b-5bdb496d8b6b,5,Okay product,Good product but a bit overpriced.,2022-01-21T00:47:53.568011Z,2022-11-27T03:47:37.831122Z
57f3eb32-148e-4cbe-baf8-914b3847cc80,807f7d13-a059-46b8-8248-1c05047b3387,dd830522-495d-49a1-a64d-ab9d3271db58,3,Terrible,Good but could use some improvements.,2022-11-16T10:27:32.779598Z,2022-12-09T09:17:29.212511Z
299344de-8c49-49be-8c65-9da8aa92d3db,807f7d13-a059-46b8-8248-1c05047b3387,cbf06922-676c-48f9-b962-438ccb7a7237,3,Love it,"Poor quality, broke after a week.",2023-04-28T12:18:27.097582Z,2023-12-11T13:35:17.506828Z
2b7d8a9d-c008-4d6d-b408-9707b55ef296,b51b0220-1ab3-4a75-8f3b-963a9f529af8,38723d0f-75cd-489d-9230-e787816c9a01,5,Perfect,"Would definitely buy again, very satisfied with the quality.",2023-01-27T00:31:46.412766Z,2024-02-12T17:45:06.474239Z
99d2e99a-c6ec-405d-bd65-9fc30c45b635,b51b0220-1ab3-4a75-8f3b-963a9f529af8,dd3f656d-0519-4a21-a54f-5af11d1ece48,4,Great product!,Good product but a bit overpriced.,2024-02-29T07:28:23.499967Z,2024-12-13T03:41:19.348583Z
4ad52311-4d2c-4f17-8568-74875c8da2a9,b51b0220-1ab3-4a75-8f3b-963a9f529af8,28c1bdbf-53c7-41c5-8556-6f3c52c8b981,5,Not bad,"It's okay for the price, nothing special.",2023-07-29T05:13:55.987856Z,2024-12-11T18:15:05.148195Z
6c737d21-4f26-4e0a-93a8-834ef58ef448,b51b0220-1ab3-4a75-8f3b-963a9f529af8,37055a2e-8ef1-474b-a69b-6e857347d87e,4,Amazing!,Exactly what I was looking for.,2024-01-11T18:48:14.061795Z,2024-09-19T08:26:19.776482Z
d67ff036-a43c-4fe2-987e-8589c93a8e01,b51b0220-1ab3-4a75-8f3b-963a9f529af8,6071c7b0-1469-4385-82f6-33592cdc1285,5,Great product!,"Perfect for my needs, great build quality.",2023-12-07T18:38:26.913758Z,2023-12-09T08:44:13.791714Z
54a51b16-c994-4063-928e-0a2a45013fd7,2ec26918-1d00-4b8e-bd78-6099a5663a1f,bf4f5e8e-9014-492b-b0a3-75fc6ccceacc,4,Love it,"Would definitely buy again, very satisfied with the quality.",2022-11-26T14:45:30.539420Z,2024-06-16T23:46:05.965980Z
d292bb4b-c858-4a26-88ea-3d1ac6073501,2ec26918-1d00-4b8e-bd78-6099a5663a1f,5cd9ce2f-7b9b-4949-b686-931afd1ca157,4,Not bad,Good product but a bit overpriced.,2022-05-11T00:10:33.784490Z,2022-09-12T05:12:28.911998Z
e9daa641-d4a0-4402-93d0-4b31f5fe7b02,2ec26918-1d00-4b8e-bd78-6099a5663a1f,3de66a1f-2729-416c-9ea8-05935f851054,2,Poor quality,Good product but a bit overpriced.,2023-05-23T05:40:51.550071Z,2024-10-02T04:47:55.573660Z
83ae184e-f840-4f0c-9755-38eedcc6799f,2ec26918-1d00-4b8e-bd78-6099a5663a1f,52850396-72ff-4cb7-aa6e-2fb689edcd83,4,Disappointed,"It's okay for the price, nothing special.",2023-03-22T09:46:59.922984Z,2023-12-24T16:20:39.932755Z
23b3550e-b465-422e-ae2f-952b83209887,2ec26918-1d00-4b8e-bd78-6099a5663a1f,87908184-ade3-4ab0-a106-4f07ecddcaa1,4,Could be better,"Expected more based on reviews, but it's decent.",2022-10-25T16:43:13.841811Z,2024-07-14T22:23:33.633882Z
1aa2c533-6cc3-44bc-84e1-c9acbdc90862,2ec26918-1d00-4b8e-bd78-6099a5663a1f,bceeb48f-ae56-48bd-b035-7ed1af15ffa7,4,Highly recommend,Highly recommend to everyone!,2022-12-05T23:46:54.972912Z,2023-04-22T05:33:45.869697Z
7373cb2d-7f8d-4f06-a806-ec415c268632,2ec26918-1d00-4b8e-bd78-6099a5663a1f,353ca163-dcda-453c-bc5a-9f4e04668cce,1,Good value,"Expected more based on reviews, but it's decent.",2022-06-03T15:04:00.326988Z,2024-05-21T06:12:44.098406Z
a6c4af2f-3f0d-44d1-9822-237add7e9876,2ec26918-1d00-4b8e-bd78-6099a5663a1f,62e5606f-6d0c-453b-95af-b116b4c2fe85,4,Not bad,I absolutely love this product! Exceeded my expectations.,2023-10-02T14:38:10.070015Z,2024-03-29T20:35:56.237009Z
530990ef-0d04-4e95-aa77-233bb24176c4,719a940d-b31a-465d-a33b-66407cc085a7,1b6c65a0-4d4e-4502-81c3-7252da8a9d59,1,Highly recommend,"Not what I expected, quality could be much improved.",2022-10-19T13:37:46.320602Z,2023-10-30T19:49:25.979692Z
7531656a-6c07-4467-9ff3-dc2e781245af,719a940d-b31a-465d-a33b-66407cc085a7,d3db64b1-fce4-4e83-a3aa-91c64b0309f9,4,Love it,Excellent customer service and product.,2022-07-27T02:37:09.107978Z,2024-08-13T06:17:11.275710Z
6aa0a2d9-1c40-4880-b63a-40587eb87bcb,719a940d-b31a-465d-a33b-66407cc085a7,a12e6b90-3979-41ec-bbc8-128016d1088a,2,Outstanding,Exactly what I was looking for.,2023-08-25T20:49:24.346198Z,2024-06-14T18:38:17.846514Z
b57d053d-e161-4c27-8997-d20424e0a7c5,719a940d-b31a-465d-a33b-66407cc085a7,fb50f162-3416-494b-ad96-3ed01191db45,5,Love it,Highly recommend to everyone!,2023-04-30T06:10:00.821417Z,2023-12-23T06:05:59.842377Z
6e8dec4c-71f4-4615-b156-6746cca872a5,719a940d-b31a-465d-a33b-66407cc085a7,bdb84e06-f650-484a-8a26-ab764650b779,2,Could be better,Amazing quality and fast shipping!,2024-06-14T00:20:04.939475Z,2024-06-27T04:32:51.461047Z
7d5d22b2-4fbe-4626-81c1-f24c1165bbc0,719a940d-b31a-465d-a33b-66407cc085a7,a5868675-48ac-4741-9718-f349320d9f76,5,Excellent quality,"Not what I expected, quality could be much improved.",2023-05-28T03:15:35.412349Z,2024-06-17T12:45:30.372235Z
9eb69aa9-45c4-4773-8f71-908503f42a87,21c470a2-6193-4233-b865-8a1c38cee4ef,b72580ee-bb66-4f1f-9715-a70d641f8a61,4,Perfect,"It's okay for the price, nothing special.",2024-06-23T19:53:13.174185Z,2024-12-02T08:45:09.880673Z
6080f8ee-8078-46af-8ee7-4d8761b2bedb,21c470a2-6193-4233-b865-8a1c38cee4ef,359bec97-089b-44ee-9463-688130c9ac72,4,Amazing!,"Average product, nothing outstanding.",2024-03-18T08:43:07.585005Z,2024-10-26T20:22:11.026524Z
6dc34a11-183d-4275-9ea6-c09921057e1f,21c470a2-6193-4233-b865-8a1c38cee4ef,389702a0-0409-4883-999d-180b8af70ae4,4,Amazing!,Best purchase I've made this year!,2023-11-18T11:46:27.224164Z,2024-09-28T17:56:58.985039Z
5bd5d9d2-35b3-473e-8129-f47b18099029,21c470a2-6193-4233-b865-8a1c38cee4ef,1f32f074-2d63-45ca-9e57-e9c2fd9f58ae,4,Could be better,Highly recommend to everyone!,2024-02-05T00:12:28.378526Z,2024-10-31T06:00:37.325468Z
f2bb30d7-7aa4-467d-b907-8afb05f3fa3b,21c470a2-6193-4233-b865-8a1c38cee4ef,2c4e37e9-d1bf-4497-b547-275d0b2df2b5,2,Excellent quality,Highly recommend to everyone!,2022-09-17T16:58:00.636249Z,2023-06-23T01:41:17.672844Z
349f89f6-2bb1-4c72-84cc-6960a60ee83d,d386e7da-38e6-438f-a04b-b7848ff2f491,7c032e66-c9d1-48c2-b6be-4381c9ebfca0,1,Okay product,"Average product, nothing outstanding.",2022-09-17T08:40:03.599975Z,2022-10-18T22:59:30.637058Z
c03fbf5a-f504-43d1-a76a-9e5f59a651e5,d386e7da-38e6-438f-a04b-b7848ff2f491,2d45b891-8dae-4f5d-9988-d509939fecfd,4,Could be better,Amazing quality and fast shipping!,2024-02-07T20:48:34.846652Z,2024-03-31T01:23:01.642693Z
01d5368b-f293-4da6-9825-0421cd8e6616,d386e7da-38e6-438f-a04b-b7848ff2f491,19f38338-df68-4c80-9ea8-00e919f7ce13,5,Okay product,"Average product, nothing outstanding.",2022-07-01T04:05:26.874579Z,2024-11-13T03:03:28.668444Z
c608a39b-a704-4933-bc9b-7dfa1577118a,d386e7da-38e6-438f-a04b-b7848ff2f491,1ffffa70-10bc-4e67-b191-2bddac2b3775,2,Not bad,Good but could use some improvements.,2023-07-12T08:54:12.686927Z,2023-07-29T10:53:43.889433Z
3ca37fd5-ea65-4d88-a62b-0b0a3b79cbfe,d386e7da-38e6-438f-a04b-b7848ff2f491,90499a0b-4bce-47fe-b47a-e3f9ed0bd1cc,4,Okay product,"Expected more based on reviews, but it's decent.",2024-07-16T18:46:23.541422Z,2024-07-19T21:25:26.878409Z
df526d6d-627b-44f5-ada7-4db017805c49,d386e7da-38e6-438f-a04b-b7848ff2f491,9b69cf6e-2ee2-4acc-a8a4-962dc8fb126f,5,Not bad,"Would definitely buy again, very satisfied with the quality.",2024-04-24T16:09:46.279588Z,2024-05-15T05:28:02.288909Z
38018928-61cc-47e4-90aa-5471f9d65615,d386e7da-38e6-438f-a04b-b7848ff2f491,06a4e85b-1c64-4650-9ce7-ecf4cc1b4077,3,Perfect,Good product but a bit overpriced.,2022-06-27T20:47:53.878559Z,2022-06-30T09:17:35.367719Z
7117e52d-3599-4789-b6d7-99e0167a9798,d386e7da-38e6-438f-a04b-b7848ff2f491,e5509bc3-30aa-48d9-8cda-56ea18934a43,4,Terrible,Good but could use some improvements.,2023-12-15T02:36:59.485496Z,2024-01-29T03:58:05.191366Z
d220e411-e9e2-4cbf-8c58-374d7e122d81,a5cb0b65-9e26-4e48-b882-9f9c791c1e51,0c9d6ffb-f2f1-4223-ab89-9016277b4632,4,Love it,I absolutely love this product! Exceeded my expectations.,2024-02-25T05:50:00.228092Z,2024-09-03T14:05:56.759459Z
b8990d5f-fd06-4fbe-8605-1612af3d696f,a5cb0b65-9e26-4e48-b882-9f9c791c1e51,98056214-d647-41bd-af6d-abacddd74686,3,Fantastic,Excellent customer service and product.,2023-10-20T06:47:48.773964Z,2023-12-26T09:03:24.740204Z
5fd832d7-0736-4cdc-bb68-109ed30f1dad,5438c9ba-57b3-4eec-8602-d1b7bf9fedd4,17daf5bd-8207-42eb-9d47-b73b5d3019fa,3,Terrible,"Perfect for my needs, great build quality.",2023-02-28T07:53:12.286050Z,2023-09-20T05:18:16.731442Z
38cb0f53-e52e-475d-a90b-1984623b43f1,5438c9ba-57b3-4eec-8602-d1b7bf9fedd4,b6957644-eaf8-490a-ba34-14eaa1bdc522,3,Amazing!,"Perfect for my needs, great build quality.",2023-08-16T11:22:49.673003Z,2024-05-09T14:53:40.720413Z
de1abd70-bb84-486b-8fff-d1a4e05beb74,5438c9ba-57b3-4eec-8602-d1b7bf9fedd4,41e8cb32-c70b-4839-a033-dfc4b50f3a32,3,Fantastic,"Poor quality, broke after a week.",2023-01-30T04:34:36.220895Z,2024-04-18T11:41:51.715147Z
7bb96da0-502b-4fc0-901d-330a6519c3ed,5438c9ba-57b3-4eec-8602-d1b7bf9fedd4,c3a59b0b-c4dc-4ed3-9a69-2ccaf1afc776,3,Excellent quality,"Average product, nothing outstanding.",2023-05-31T17:53:47.832878Z,2024-03-01T02:32:49.220958Z
d2eddb85-eb41-4558-832b-e3a2f5c0f7be,5438c9ba-57b3-4eec-8602-d1b7bf9fedd4,c5106df7-50cd-4f5b-af01-babd61d47491,3,Disappointed,I absolutely love this product! Exceeded my expectations.,2024-08-02T03:33:42.661770Z,2024-09-18T15:08:29.615326Z
b629e071-0b08-4d6e-ae4f-0a253140e7c3,563b480a-d429-4b59-b453-656b2cacb7ff,87908184-ade3-4ab0-a106-4f07ecddcaa1,4,Love it,"Poor quality, broke after a week.",2024-07-11T01:20:44.109694Z,2024-12-19T11:55:57.008281Z
2ff281b8-dead-411b-af9e-c89556bf37ba,563b480a-d429-4b59-b453-656b2cacb7ff,d53e364f-fb89-4279-914d-241de7be2f15,4,Excellent quality,"Perfect for my needs, great build quality.",2023-10-26T03:11:58.375394Z,2024-03-30T05:29:34.195203Z
4a363dd4-e544-4df1-a5e5-38aa23632b29,563b480a-d429-4b59-b453-656b2cacb7ff,f4f8274e-f12e-4dab-a364-cf0453be34c8,1,Outstanding,"Poor quality, broke after a week.",2023-04-13T18:36:44.456097Z,2024-05-25T15:53:15.264843Z
46214986-31b1-40cb-9142-d390aac6c38d,563b480a-d429-4b59-b453-656b2cacb7ff,54709dd6-908e-434e-83e4-f1da9d0c19f1,4,Excellent quality,Amazing quality and fast shipping!,2023-11-26T12:19:02.974116Z,2024-03-24T16:06:26.446582Z
317c231c-97bb-4be9-b1f3-b3f6572a3891,563b480a-d429-4b59-b453-656b2cacb7ff,d446e02d-7856-43f2-a678-59c42195a910,3,Terrible,Good product but a bit overpriced.,2023-08-31T00:10:32.174467Z,2024-12-15T09:56:38.731519Z
bd2524b8-97e7-4ee1-861b-fa423f6aa598,563b480a-d429-4b59-b453-656b2cacb7ff,98056214-d647-41bd-af6d-abacddd74686,4,Terrible,Best purchase I've made this year!,2022-05-23T04:42:21.826874Z,2022-07-17T02:19:50.803023Z
c38273f3-4cd2-4ed8-a9c3-7663cc31ebd6,bedc29a4-2e11-440f-b154-2b671b079820,a7f6f471-f8ba-4df7-98a9-2e33714f9a37,4,Good value,"Expected more based on reviews, but it's decent.",2023-04-17T00:42:09.210141Z,2023-10-10T09:19:05.193560Z
74feced5-8ac6-41a0-8c50-e5a41b2f39a1,bedc29a4-2e11-440f-b154-2b671b079820,c63f24b1-c6a3-4ca0-b060-3e2bb2593bd3,5,Good value,"It's okay for the price, nothing special.",2024-01-12T07:09:43.582324Z,2024-07-21T00:30:10.361456Z
8c673810-9524-4957-94cf-2d007fc0ad58,bedc29a4-2e11-440f-b154-2b671b079820,cbf06922-676c-48f9-b962-438ccb7a7237,4,Love it,Good product but a bit overpriced.,2023-12-17T06:58:30.700906Z,2024-06-26T14:45:15.800122Z
7a385cdb-f0d7-48fe-9bd0-8ec3ce30ee2b,a6bbcd06-20b8-4a3d-9da9-40edf0bb4773,d95de9ed-4ca5-4e53-a139-35a02afdb784,2,Outstanding,Highly recommend to everyone!,2022-05-17T12:49:20.941643Z,2023-03-02T21:46:55.445217Z
9550c762-efcc-45ac-988b-6b7fe8c9af85,a6bbcd06-20b8-4a3d-9da9-40edf0bb4773,716f3320-1e0f-402a-9171-8dabc3dc7d34,4,Not bad,"Perfect for my needs, great build quality.",2023-05-16T21:47:37.028202Z,2023-12-29T19:11:49.246580Z
1739630e-c6ea-4d50-be3e-7819893b870b,52cf3832-cc29-4a5d-9b48-f5b1480af5c9,db9fb934-914b-45f3-956c-befac6258bff,4,Fantastic,I absolutely love this product! Exceeded my expectations.,2023-09-18T19:48:25.959012Z,2023-10-27T20:14:08.524235Z
d72fc477-7e5f-4789-a355-712e64a21198,52cf3832-cc29-4a5d-9b48-f5b1480af5c9,d0ded576-2feb-4dd4-9282-7150a56fcc4d,1,Disappointed,Good product but a bit overpriced.,2022-04-06T10:24:41.188613Z,2023-06-15T04:18:19.405605Z
e95a483f-fbbb-4137-892b-78fd1bc16727,52cf3832-cc29-4a5d-9b48-f5b1480af5c9,eae80f33-6c8f-41eb-bed5-799b655e0991,5,Great product!,"Not what I expected, quality could be much improved.",2023-03-08T05:10:25.715485Z,2024-08-18T03:29:51.086654Z
36b05fac-a36c-4cb5-b5e0-e195881c3daa,52cf3832-cc29-4a5d-9b48-f5b1480af5c9,cd4ec50e-68cf-42df-9c4d-c1c93f186a05,5,Not bad,Excellent customer service and product.,2024-06-02T12:51:51.012818Z,2024-07-13T10:08:36.531597Z
0e0c4358-3815-4e7a-a74a-c962a5300153,52cf3832-cc29-4a5d-9b48-f5b1480af5c9,32c9caa3-18ad-44c5-acd0-c2ec87dadd1c,5,Great product!,Amazing quality and fast shipping!,2023-11-01T21:25:27.808829Z,2023-11-28T09:27:16.778111Z
9eb088bf-e58a-4924-a619-cd8e96ea4d81,52cf3832-cc29-4a5d-9b48-f5b1480af5c9,f9e30605-b790-4137-9d58-05c55d55691f,2,Outstanding,Best purchase I've made this year!,2024-07-19T14:32:23.818941Z,2024-11-17T22:21:54.561013Z
d716f0f8-3651-42bf-8001-3eba35e9190c,9f455ebf-fe8b-4b9d-ba65-01f12f2a7ce0,47071c0a-b88a-4505-ab56-92b788e4447e,5,Good value,Exactly what I was looking for.,2024-02-17T12:55:43.083895Z,2024-05-03T00:21:59.741935Z
1b2998df-fa1d-4169-ac0f-b54fa1b4a3c9,9f455ebf-fe8b-4b9d-ba65-01f12f2a7ce0,2cf89dc4-c145-4ce0-8425-010cb24cd911,3,Perfect,Good but could use some improvements.,2023-09-22T23:55:29.456013Z,2023-10-16T14:18:02.127455Z
597ffcf8-d774-406f-8449-5b1d1b3b7d84,9f455ebf-fe8b-4b9d-ba65-01f12f2a7ce0,29dd423b-b206-42c7-ab6f-113d8a6b77d5,4,Excellent quality,I absolutely love this product! Exceeded my expectations.,2024-06-29T19:43:23.264583Z,2024-10-15T10:43:18.804083Z
0fec86bf-1377-4d31-bc30-7a038fd417f9,9f455ebf-fe8b-4b9d-ba65-01f12f2a7ce0,8b2e477e-309a-4432-8f86-20cc580e8b4f,1,Disappointed,"Expected more based on reviews, but it's decent.",2022-10-28T11:26:01.468472Z,2023-09-25T09:40:02.624719Z
8e02d472-0906-4108-8f94-a1602db49a99,9f455ebf-fe8b-4b9d-ba65-01f12f2a7ce0,47071c0a-b88a-4505-ab56-92b788e4447e,4,Great product!,Exactly what I was looking for.,2024-01-27T12:15:11.088129Z,2024-10-26T03:08:46.151670Z
c3c13ae7-47ce-48cc-8630-99d76cd45f61,9f455ebf-fe8b-4b9d-ba65-01f12f2a7ce0,f9e30605-b790-4137-9d58-05c55d55691f,4,Poor quality,"Not what I expected, quality could be much improved.",2022-12-20T14:44:39.255958Z,2024-06-08T18:29:02.080253Z
4cfaf1b6-d157-4460-91cb-806fb79e188b,f4cec095-697c-4fe9-b067-0e5a0c3b7b9d,87908184-ade3-4ab0-a106-4f07ecddcaa1,1,Terrible,"Average product, nothing outstanding.",2023-10-16T03:24:32.760636Z,2023-11-25T10:59:40.785663Z
218d4165-cec9-4851-b485-7e7b6b704bfe,f4cec095-697c-4fe9-b067-0e5a0c3b7b9d,b05aae3f-beb5-4b06-bd33-ea7140d90612,4,Great product!,"Expected more based on reviews, but it's decent.",2024-08-31T23:16:46.684610Z,2024-12-04T02:53:58.454489Z
bc66bc52-8e70-48b9-99a6-55c5aeb30369,f4cec095-697c-4fe9-b067-0e5a0c3b7b9d,688b2c95-571f-4ade-8029-d7961070e5de,2,Highly recommend,"Poor quality, broke after a week.",2022-09-25T09:39:32.565347Z,2024-12-15T07:44:51.051203Z
a79e5347-52d9-483d-93bd-c16755e2d15f,f4cec095-697c-4fe9-b067-0e5a0c3b7b9d,1bf41b18-8115-4271-8dbf-a6c91853d50e,4,Highly recommend,Best purchase I've made this year!,2024-08-15T13:17:47.722325Z,2024-10-01T08:32:42.047964Z
88ac662b-c7ed-4915-9524-a5baff0ffd03,f4cec095-697c-4fe9-b067-0e5a0c3b7b9d,29b62cd7-ee85-4dff-aff5-de18589aa7ff,4,Could be better,Excellent customer service and product.,2022-10-19T08:00:26.217198Z,2022-11-07T13:42:08.288115Z
a65c9580-35c6-448f-9f01-961303a702bc,f4cec095-697c-4fe9-b067-0e5a0c3b7b9d,1b05c49f-7316-49f8-af4f-32060f4581e8,4,Outstanding,Excellent customer service and product.,2022-11-22T03:14:14.018950Z,2024-11-17T10:14:04.641084Z
5311e4ef-0a03-493f-987c-9a515a3742f7,c6358634-ea53-4d52-b585-39607e6c0f46,a8331afb-e7ac-462f-94b1-8ed13bc9720f,5,Fantastic,Amazing quality and fast shipping!,2023-08-26T13:40:38.344721Z,2024-05-29T12:30:59.584745Z
c2fe2661-f72a-443c-a2cc-77429a50a7c3,c6358634-ea53-4d52-b585-39607e6c0f46,26b5ff73-0df5-4ba1-a91b-29c6ce1ad624,4,Excellent quality,"Perfect for my needs, great build quality.",2024-04-22T14:09:29.895857Z,2024-10-29T15:13:34.731618Z
a7de5f7e-e0ba-486b-beb4-3243b215ebcb,c6358634-ea53-4d52-b585-39607e6c0f46,f64c1d03-6f27-4ef7-9693-bbe321776c14,5,Disappointed,Good product but a bit overpriced.,2022-02-03T21:54:36.082427Z,2024-10-26T17:22:05.217633Z
779b5ba3-1cfb-447a-b140-d1df536c9eb9,c6358634-ea53-4d52-b585-39607e6c0f46,a265215b-a0d5-4aea-94b0-23fa2acf14d2,5,Excellent quality,"Not what I expected, quality could be much improved.",2022-10-26T10:28:43.490083Z,2022-11-25T04:39:37.174833Z
26fd931d-0fef-4923-a44a-db444e21c36b,c6358634-ea53-4d52-b585-39607e6c0f46,c4b8c8f7-e041-4ec0-a652-94fd7ecacc8d,4,Good value,Good product but a bit overpriced.,2024-02-23T00:48:18.583469Z,2024-10-31T07:24:58.563706Z
659e5955-1582-4fa0-a3d0-f2e49455ec6c,3d87c73c-2648-4298-a151-d082a53aaf4f,c6f2bf97-ca6e-4b55-b352-f3cffff8648c,4,Fantastic,"It's okay for the price, nothing special.",2022-04-10T12:13:13.116006Z,2023-11-15T09:11:55.166846Z
b53dbf1b-d8db-4f0c-bcd2-901efacc49eb,3d87c73c-2648-4298-a151-d082a53aaf4f,f20d2ac6-782e-4989-a332-1872c88cf933,5,Okay product,Good product but a bit overpriced.,2023-07-18T13:22:48.228330Z,2024-09-18T19:17:20.807927Z
ea6225f3-0f2a-4b5e-8b8f-a150642f0f64,3d87c73c-2648-4298-a151-d082a53aaf4f,db9fb934-914b-45f3-956c-befac6258bff,4,Love it,Highly recommend to everyone!,2023-12-05T20:48:40.333211Z,2024-08-18T17:34:25.236033Z
e4c3eb09-dc69-4965-a219-f947cd9307b4,094d4256-9e9e-49b4-8e0b-04efe23b2385,0abd8bf1-2fe9-4df3-9929-6bc6cdb717a7,5,Disappointed,Good but could use some improvements.,2024-08-04T14:10:59.915765Z,2024-09-18T12:18:00.558540Z
2fa15262-76e1-497e-9ea7-93ebf9c80c8b,094d4256-9e9e-49b4-8e0b-04efe23b2385,5004fa29-50c8-4cd4-ba8f-f70426f069c8,4,Amazing!,Excellent customer service and product.,2022-06-26T21:58:06.401975Z,2024-02-10T20:26:26.430224Z
dfbd19d5-5f05-4fea-8bcf-1806c2a48bf6,094d4256-9e9e-49b4-8e0b-04efe23b2385,d0ded576-2feb-4dd4-9282-7150a56fcc4d,4,Terrible,"Would definitely buy again, very satisfied with the quality.",2022-05-22T19:39:32.084416Z,2024-01-25T18:46:26.991417Z
c8e53bd8-dbec-4af6-8632-61ae207e68b8,094d4256-9e9e-49b4-8e0b-04efe23b2385,6ebe40fc-989c-4425-aedd-d715a5f61717,4,Highly recommend,"Expected more based on reviews, but it's decent.",2023-08-06T20:30:43.095385Z,2024-08-19T00:47:38.926429Z
7ecad8d1-8a12-4ddc-a264-62e805807e93,094d4256-9e9e-49b4-8e0b-04efe23b2385,b25b3209-6f7a-478d-b5f1-2bd4cd740f9d,5,Perfect,Exactly what I was looking for.,2024-06-03T06:54:58.169218Z,2024-09-28T11:46:55.250940Z
3186842b-61a7-4a5a-beb3-8b2991d6e376,094d4256-9e9e-49b4-8e0b-04efe23b2385,c295ea3a-8160-4b50-a024-d586a73982e6,4,Okay product,Highly recommend to everyone!,2022-07-24T10:08:18.067961Z,2022-08-24T06:36:29.481498Z
1f24b720-db67-4f07-84b9-922549897e7c,094d4256-9e9e-49b4-8e0b-04efe23b2385,6d65655c-3cc3-4595-9081-6c94c237378f,5,Amazing!,"Would definitely buy again, very satisfied with the quality.",2024-03-26T05:29:32.672534Z,2024-05-21T19:53:21.914447Z
65a727f6-d3c7-4210-88b1-b216f4346156,f715ef9b-5f5d-4433-9633-798abb23c19a,6d65655c-3cc3-4595-9081-6c94c237378f,4,Not bad,I absolutely love this product! Exceeded my expectations.,2024-02-06T01:43:43.426085Z,2024-10-29T15:55:24.073783Z
9e378abc-b82c-46ac-b962-f60e6d496c30,f715ef9b-5f5d-4433-9633-798abb23c19a,5766259b-3b19-4564-8cb5-b0f215af9148,4,Disappointed,Highly recommend to everyone!,2024-01-04T17:07:45.814320Z,2024-11-09T20:34:45.024872Z
f8f932ab-c698-4e5f-accb-acb49861ec7a,f715ef9b-5f5d-4433-9633-798abb23c19a,2db0e1e1-227d-426f-820f-04e1902445c8,4,Okay product,I absolutely love this product! Exceeded my expectations.,2022-10-27T12:53:52.760375Z,2024-12-22T01:23:25.751435Z
5b70d5e8-bc17-4ace-9234-c4e37f6a2f0b,9a190be6-d118-4bb7-9667-f52bba6bcda2,57f5b865-1e97-4a2e-a5d0-6e08af75ad98,5,Not bad,"Expected more based on reviews, but it's decent.",2024-05-17T08:48:52.607976Z,2024-11-25T03:46:10.384265Z
f268a000-1d57-460a-8ef0-39277fede285,9a190be6-d118-4bb7-9667-f52bba6bcda2,7f0972eb-52c5-462b-a855-c7bd54876143,5,Could be better,Highly recommend to everyone!,2022-09-06T15:13:16.101843Z,2023-08-09T20:44:04.480501Z
592b8552-82f1-49c0-be09-37c4af6843f4,9a190be6-d118-4bb7-9667-f52bba6bcda2,90499a0b-4bce-47fe-b47a-e3f9ed0bd1cc,5,Outstanding,"Would definitely buy again, very satisfied with the quality.",2024-02-15T08:21:18.722672Z,2024-09-29T10:50:28.733543Z
83a93e24-b6d4-44cc-9f2d-8aaab33db9b6,9a190be6-d118-4bb7-9667-f52bba6bcda2,c5106df7-50cd-4f5b-af01-babd61d47491,4,Terrible,I absolutely love this product! Exceeded my expectations.,2024-02-19T04:09:33.302441Z,2024-03-03T07:56:23.590913Z
e393261a-e95b-445c-a69a-f8826b633cba,9a190be6-d118-4bb7-9667-f52bba6bcda2,db9fb934-914b-45f3-956c-befac6258bff,5,Disappointed,"Average product, nothing outstanding.",2022-06-12T18:40:19.498372Z,2024-06-11T14:43:18.161943Z
9b63b92e-9668-458e-aebf-d770043a69e2,9a190be6-d118-4bb7-9667-f52bba6bcda2,665db03a-cf76-420e-aae9-f2fd5b232ed2,5,Could be better,"Expected more based on reviews, but it's decent.",2023-09-15T09:54:24.269804Z,2024-08-06T07:01:54.221943Z
3f465780-6404-4f2a-922c-1d900718458c,9a190be6-d118-4bb7-9667-f52bba6bcda2,3b9bfe23-674e-4287-a736-ea74883af3ae,4,Terrible,I absolutely love this product! Exceeded my expectations.,2022-09-23T11:46:32.781668Z,2024-03-05T12:30:39.943722Z
ce68be9f-6af5-4d88-9ab3-c5d18dca8be5,9a190be6-d118-4bb7-9667-f52bba6bcda2,f64c1d03-6f27-4ef7-9693-bbe321776c14,5,Love it,"Expected more based on reviews, but it's decent.",2023-08-25T16:20:33.392547Z,2024-03-05T15:41:10.913081Z
8bd42daa-f733-46ba-a731-cda8f620f7fc,1522b6a4-50a5-4edc-9fab-fc6bcda5f85e,c295ea3a-8160-4b50-a024-d586a73982e6,4,Good value,I absolutely love this product! Exceeded my expectations.,2023-11-16T02:21:14.324333Z,2024-02-29T07:09:17.638206Z
6662180c-78bd-4b62-9e03-8180b929dd0c,1522b6a4-50a5-4edc-9fab-fc6bcda5f85e,b546b31b-b18f-45ee-bf3e-38b60e356fa5,5,Not bad,Excellent customer service and product.,2022-07-21T11:31:29.597067Z,2024-05-04T00:53:47.886828Z
571f87f0-324c-4074-975d-d127b8550d4e,1522b6a4-50a5-4edc-9fab-fc6bcda5f85e,8b2e477e-309a-4432-8f86-20cc580e8b4f,5,Perfect,Highly recommend to everyone!,2022-08-22T23:12:23.696510Z,2022-09-24T12:40:06.998273Z
52d7fa0f-3ba6-432d-8947-7cbc56b1e848,1522b6a4-50a5-4edc-9fab-fc6bcda5f85e,2c4e37e9-d1bf-4497-b547-275d0b2df2b5,4,Disappointed,Exactly what I was looking for.,2023-07-02T23:34:55.083306Z,2023-08-28T14:36:33.260017Z
c7217d94-e1e7-4981-a9dc-33050bde6f8e,1522b6a4-50a5-4edc-9fab-fc6bcda5f85e,6d65655c-3cc3-4595-9081-6c94c237378f,3,Okay product,"Expected more based on reviews, but it's decent.",2023-12-08T20:54:15.239431Z,2024-11-25T22:29:11.042187Z
27867406-ef4e-4df9-a4e6-7f997a48d79a,1522b6a4-50a5-4edc-9fab-fc6bcda5f85e,06a4e85b-1c64-4650-9ce7-ecf4cc1b4077,3,Disappointed,"It's okay for the price, nothing special.",2024-01-31T06:46:53.962033Z,2024-03-03T04:33:19.063821Z
4cfb90c6-753b-4815-8246-97addb44a101,1522b6a4-50a5-4edc-9fab-fc6bcda5f85e,45bec346-b8df-4dfb-b7d6-63342c7f2e80,3,Terrible,Best purchase I've made this year!,2023-08-19T15:29:06.563015Z,2024-11-12T01:20:50.664698Z
bde9e355-c8e2-4a18-b0fb-aba1de35822d,1522b6a4-50a5-4edc-9fab-fc6bcda5f85e,ba84d381-1e56-417c-b4f0-c0f47815d633,3,Not bad,Amazing quality and fast shipping!,2022-03-27T15:12:06.568714Z,2023-11-20T06:38:31.314531Z
40c82e1b-2c28-4f29-b64c-a44710048a34,1647f98e-22e1-44e3-86f6-ac850adecf88,795ac722-506d-49d9-b9df-eab043cb0535,4,Poor quality,"It's okay for the price, nothing special.",2024-01-08T14:49:41.204261Z,2024-11-04T20:39:48.478417Z
563f1e7f-588e-4a3d-953d-0834bdc2fcf3,158ffa19-d05a-4ed0-bd5c-d7800181842b,bceeb48f-ae56-48bd-b035-7ed1af15ffa7,5,Terrible,"Not what I expected, quality could be much improved.",2023-05-20T20:11:21.531935Z,2024-09-25T16:18:41.314192Z
003ce76b-8f13-4ac5-bb99-43b95db819ce,2378653d-ca7f-4ba3-91b0-fdf82ea394c6,29dd423b-b206-42c7-ab6f-113d8a6b77d5,4,Excellent quality,"Not what I expected, quality could be much improved.",2023-11-26T17:32:19.656326Z,2024-07-08T03:48:11.511265Z
b5d0f85a-3373-4528-92a0-3a721f1740f9,2378653d-ca7f-4ba3-91b0-fdf82ea394c6,de6d31dd-03a3-4225-906a-4041f6cd46ef,4,Perfect,Amazing quality and fast shipping!,2023-05-23T05:11:04.797376Z,2024-08-07T21:19:06.970242Z
b89aa392-1961-4365-aadc-c418fcad1928,2378653d-ca7f-4ba3-91b0-fdf82ea394c6,f318b9c5-9897-440d-bc42-02ae42c87382,4,Love it,Excellent customer service and product.,2023-07-06T05:12:49.113992Z,2024-02-28T06:19:32.320218Z
a9515efa-2bb8-48bd-ba34-f08ade7094eb,2378653d-ca7f-4ba3-91b0-fdf82ea394c6,56da6323-eda3-40dc-b220-030c9d95bc96,5,Amazing!,"It's okay for the price, nothing special.",2023-12-03T09:59:39.220507Z,2024-09-20T21:09:20.163984Z
93accd2b-9f2f-4d44-b43c-77e7e38ceab8,2378653d-ca7f-4ba3-91b0-fdf82ea394c6,efeb531e-7130-44ff-8f87-2e4384acb9c8,5,Outstanding,"Expected more based on reviews, but it's decent.",2024-05-22T05:39:42.164765Z,2024-08-13T16:30:41.624143Z
c2aa2567-2789-4963-aa9a-08a1efc509fc,b87ea0c9-29af-4a3a-9ddb-1e2255d5ed52,5427be0f-aa51-43f4-8ad1-2ce067fcb727,5,Highly recommend,Highly recommend to everyone!,2022-09-27T15:59:54.874972Z,2023-08-03T11:09:19.349933Z
0c8b79aa-25c7-4746-9022-facee97563ef,b87ea0c9-29af-4a3a-9ddb-1e2255d5ed52,a8331afb-e7ac-462f-94b1-8ed13bc9720f,4,Okay product,"Perfect for my needs, great build quality.",2023-04-06T09:27:36.412658Z,2024-06-06T00:48:25.057994Z
5547cc3e-c944-4d2d-b9c0-09abb068a21c,b87ea0c9-29af-4a3a-9ddb-1e2255d5ed52,469ce894-1f9c-47ec-b9d0-c3d04ffc6422,4,Love it,Best purchase I've made this year!,2022-05-24T14:49:17.020425Z,2024-09-08T22:12:13.694214Z
6ea3460f-0b30-466c-819f-247e1a32b816,b87ea0c9-29af-4a3a-9ddb-1e2255d5ed52,679b219c-6628-4215-a7c6-6457d9708bd2,3,Fantastic,"Perfect for my needs, great build quality.",2022-01-25T10:27:50.400982Z,2023-11-23T17:35:47.209140Z
ef22effd-616a-43d5-84ec-a10a15b97b23,b87ea0c9-29af-4a3a-9ddb-1e2255d5ed52,8440b9c2-8149-4023-88a6-b92895d2633b,3,Perfect,Amazing quality and fast shipping!,2024-05-26T08:06:04.254948Z,2024-07-06T10:46:30.987228Z
aae7e264-5432-4cd8-924d-aa6d085687b3,b87ea0c9-29af-4a3a-9ddb-1e2255d5ed52,008ff51c-d588-4e92-bb1b-5bdb496d8b6b,4,Great product!,Best purchase I've made this year!,2023-11-07T12:44:58.740807Z,2024-07-13T07:17:38.614585Z
de2ac47b-cd8f-484f-9035-a12f59421e47,b87ea0c9-29af-4a3a-9ddb-1e2255d5ed52,3124406c-35cc-405e-91d0-808f937e0d3e,2,Great product!,Excellent customer service and product.,2022-12-17T08:34:23.459406Z,2023-10-04T03:30:08.923637Z
c8513135-65d9-453e-bbaa-291b4a94b3b5,68058ea3-7c6a-4e6c-87d8-bb37a2fd222e,3332f5aa-dfd9-400b-9ae9-56ff9bd435ce,5,Okay product,Good product but a bit overpriced.,2024-04-24T04:55:09.618458Z,2024-07-09T18:12:35.092280Z
3b5693af-b467-4dbc-ada6-4890adba3d0c,68058ea3-7c6a-4e6c-87d8-bb37a2fd222e,2db0e1e1-227d-426f-820f-04e1902445c8,3,Terrible,Exactly what I was looking for.,2024-02-21T21:16:35.556822Z,2024-07-19T22:01:08.809606Z
abcb0600-72d8-4bf1-b657-a39800aa2ae9,53993f68-d2b0-40a6-ad36-13075e1c4e9f,46e30fcc-89a8-4bd1-a627-05916f5e3971,5,Okay product,"Average product, nothing outstanding.",2022-11-18T11:57:49.467497Z,2024-12-22T06:11:20.491075Z
d296a4c7-63b7-4fc7-b6ad-e7851b3f0ed6,53993f68-d2b0-40a6-ad36-13075e1c4e9f,bc5bcd84-5467-4041-a988-9fa9ef2887f1,4,Excellent quality,"Would definitely buy again, very satisfied with the quality.",2023-11-25T22:16:16.632938Z,2024-12-11T00:08:07.673437Z
0cdf9c1a-012c-4f33-b29a-a6dad62231e8,6ff61f59-27f5-4f16-8734-10b89e336409,e50431f7-12b9-4a54-80ec-5f8a6a03c22f,4,Amazing!,Best purchase I've made this year!,2022-02-19T16:03:58.537145Z,2024-03-24T00:36:27.033642Z
1bb81b90-0044-447f-afb9-a5993ed97657,6ff61f59-27f5-4f16-8734-10b89e336409,b3ab866a-8102-4c31-87b7-26b28297149c,4,Outstanding,"Perfect for my needs, great build quality.",2024-03-20T17:31:18.602737Z,2024-09-06T20:04:47.079222Z
0567de32-8862-42c9-8586-5526b78d19ac,6ff61f59-27f5-4f16-8734-10b89e336409,4f1be339-714b-48e0-be48-1ff435aa0694,2,Perfect,Best purchase I've made this year!,2022-04-26T17:10:51.538444Z,2024-09-08T02:36:59.491202Z
3dcc3764-a4db-4dc7-919d-c76266ba2b70,6ff61f59-27f5-4f16-8734-10b89e336409,46a816a4-469d-4ef7-a23c-1c34f2c04f61,5,Highly recommend,Best purchase I've made this year!,2022-03-16T21:27:52.290313Z,2023-07-05T14:56:56.774831Z
1c00af4b-c565-47b6-a5dc-d8fffe06005d,6ff61f59-27f5-4f16-8734-10b89e336409,fdbe5f2c-1d06-418b-8e32-67d2323d7e32,5,Not bad,"Expected more based on reviews, but it's decent.",2023-10-26T18:21:29.553348Z,2024-11-28T22:47:52.994578Z
5fef4c5a-1707-41f8-9497-933835abcc29,6ff61f59-27f5-4f16-8734-10b89e336409,3d26c370-1682-488c-ab7c-833c2768bbd6,5,Good value,"Poor quality, broke after a week.",2022-10-28T00:39:53.408889Z,2022-11-16T00:14:20.447898Z
ac7cc7f0-76ab-4cbd-a4cf-8e324350b935,6ff61f59-27f5-4f16-8734-10b89e336409,fdbe5f2c-1d06-418b-8e32-67d2323d7e32,3,Highly recommend,"Poor quality, broke after a week.",2023-11-22T10:34:29.685362Z,2024-10-27T06:49:52.602342Z
90fa6a53-a5dd-49e2-9e26-89ab6ce4dd00,d651b848-44be-48ff-b987-791fa447af4a,19f38338-df68-4c80-9ea8-00e919f7ce13,5,Fantastic,"Poor quality, broke after a week.",2022-06-06T06:49:09.216157Z,2023-04-17T05:06:01.559333Z
17ec625d-d676-412d-96f6-8a99f8c4baf4,d651b848-44be-48ff-b987-791fa447af4a,c3287722-665e-4f08-8fc2-599c07ad58a5,5,Great product!,Best purchase I've made this year!,2022-05-11T17:22:04.343367Z,2024-10-18T10:59:14.690138Z
d9bc81d4-098f-4a96-b906-dad7424ee8fc,d651b848-44be-48ff-b987-791fa447af4a,45bec346-b8df-4dfb-b7d6-63342c7f2e80,3,Could be better,Good product but a bit overpriced.,2022-10-05T07:59:58.227788Z,2024-12-03T11:01:08.920269Z
21239cb3-67b8-4cf4-8b4f-04027580a4be,d651b848-44be-48ff-b987-791fa447af4a,90499a0b-4bce-47fe-b47a-e3f9ed0bd1cc,5,Not bad,Good but could use some improvements.,2024-08-28T12:01:28.909674Z,2024-12-01T23:13:24.051604Z
538d32b4-eccf-4ce8-9a45-f25544a47c23,d651b848-44be-48ff-b987-791fa447af4a,ea710676-95fc-468d-ad70-da9dc098eae5,4,Highly recommend,"Would definitely buy again, very satisfied with the quality.",2024-02-29T12:37:52.130704Z,2024-04-16T05:32:58.606395Z
5107732f-c03b-46c8-b953-476f16cd1d5b,d651b848-44be-48ff-b987-791fa447af4a,54709dd6-908e-434e-83e4-f1da9d0c19f1,4,Could be better,Best purchase I've made this year!,2022-08-03T03:31:47.634229Z,2023-08-04T23:20:26.200258Z
71e0f827-d4bc-4180-af9e-edefd6012229,5a0a9f00-f912-4634-8433-d903b837d6f7,bd897ccd-697a-44eb-a05f-f9a3b2aed3bc,5,Excellent quality,Amazing quality and fast shipping!,2022-09-19T16:07:29.016929Z,2022-09-26T12:51:26.419753Z
b03ec566-453c-495d-bddd-0048bcde0554,5a0a9f00-f912-4634-8433-d903b837d6f7,f7a14e15-6d54-4621-b589-e71378d01c71,5,Excellent quality,"Perfect for my needs, great build quality.",2024-08-26T09:53:04.455238Z,2024-12-25T20:19:14.735276Z
c84e50c8-c448-4d37-9e6a-19737e8d5dc8,5a0a9f00-f912-4634-8433-d903b837d6f7,3ba192bd-d0f8-4b6b-9973-15e714db560b,5,Outstanding,Good product but a bit overpriced.,2024-06-15T15:01:17.765071Z,2024-11-27T10:02:09.888578Z
34a55163-d8c8-4f79-be55-0809526a1b83,5a0a9f00-f912-4634-8433-d903b837d6f7,bf6f7798-b705-42dc-98cd-62a8554262bd,3,Great product!,"Expected more based on reviews, but it's decent.",2023-06-16T04:08:44.492634Z,2023-07-25T01:38:51.220018Z
996f156f-7648-401c-91f9-799c48364e43,698fa845-3e39-4942-aa82-88f4a12d5f7f,87908184-ade3-4ab0-a106-4f07ecddcaa1,4,Fantastic,"Expected more based on reviews, but it's decent.",2023-03-06T05:11:59.543791Z,2023-08-08T23:51:51.701149Z
06126528-3958-495f-ab4b-e382fac911c3,698fa845-3e39-4942-aa82-88f4a12d5f7f,9c95665e-9c8c-4d33-96be-f99714a5835d,4,Poor quality,"It's okay for the price, nothing special.",2024-03-16T05:01:31.213990Z,2024-08-19T12:40:23.953135Z
4aa368d9-c642-4758-855f-9160d8f97dbc,698fa845-3e39-4942-aa82-88f4a12d5f7f,7b1c0969-070e-4c25-af04-a874ed958806,3,Excellent quality,I absolutely love this product! Exceeded my expectations.,2024-03-13T00:21:01.931995Z,2024-11-08T01:47:55.151352Z
4d457c73-87bb-413c-8c55-f0f1a291e393,698fa845-3e39-4942-aa82-88f4a12d5f7f,89bdc3ae-bb39-4508-85e8-74b9b7f10a1c,4,Perfect,Good product but a bit overpriced.,2024-02-20T19:46:33.177985Z,2024-05-10T03:00:22.940770Z
f187eae4-ea7f-4422-ac9f-c357797f81a8,698fa845-3e39-4942-aa82-88f4a12d5f7f,dd3f656d-0519-4a21-a54f-5af11d1ece48,2,Not bad,"It's okay for the price, nothing special.",2023-05-03T14:26:54.941771Z,2024-11-02T14:08:54.632575Z
2a201e2b-666b-4248-91d8-4a1f253bf26e,fcc07b49-811d-48d8-8106-5df71cfc523c,04a92595-a7ee-4bf8-8e14-5c4bf33c3c8f,4,Poor quality,Highly recommend to everyone!,2022-09-21T04:20:42.566216Z,2023-09-30T19:42:45.101080Z
0b38bc35-df73-4117-a8e7-d2c3190a2175,973bb928-ed46-48f0-b093-d42379fada1d,3728be18-2e01-42e8-bfcc-3cb8ea07acd7,5,Fantastic,"Poor quality, broke after a week.",2022-07-20T04:14:32.136113Z,2024-10-21T04:14:42.086181Z
f76664ea-feb9-4ebe-be73-506f80158bff,973bb928-ed46-48f0-b093-d42379fada1d,665db03a-cf76-420e-aae9-f2fd5b232ed2,2,Good value,"Not what I expected, quality could be much improved.",2024-06-27T19:06:15.237212Z,2024-08-30T05:46:42.315734Z
af0705d8-8398-4bfb-9b46-467c361744a0,973bb928-ed46-48f0-b093-d42379fada1d,2c4e37e9-d1bf-4497-b547-275d0b2df2b5,5,Amazing!,Excellent customer service and product.,2023-08-28T16:33:36.926503Z,2024-01-11T04:20:27.392975Z
b3e3f00f-3744-4bc4-9af2-ed1367a29a0e,973bb928-ed46-48f0-b093-d42379fada1d,b0ae1e0c-e73f-4a39-a42c-e3c9d4090c25,2,Okay product,Highly recommend to everyone!,2024-05-21T01:47:57.838621Z,2024-08-27T20:03:50.207509Z
10fd96f5-960b-45e3-a274-25a5e6c4bfac,973bb928-ed46-48f0-b093-d42379fada1d,b78cb4f1-17df-4227-877d-ce1ec4e10a51,1,Love it,I absolutely love this product! Exceeded my expectations.,2024-05-05T07:10:25.338199Z,2024-05-07T18:30:30.899343Z
f6770e0f-7b83-48db-8887-2d4a27111579,973bb928-ed46-48f0-b093-d42379fada1d,3351d327-808d-4996-ac27-cc6845d81e50,3,Fantastic,Good but could use some improvements.,2023-08-15T12:28:13.475207Z,2024-06-28T08:34:28.123542Z
d87a3be1-4d1d-4d33-a64c-fcb760c2e8e4,973bb928-ed46-48f0-b093-d42379fada1d,d2a6ea47-04be-43d9-8ed8-4dc884a53525,3,Outstanding,Exactly what I was looking for.,2024-08-04T10:21:57.195370Z,2024-10-08T10:51:55.511028Z
4b36e9ce-5652-4d6b-9513-26c021edeaa4,973bb928-ed46-48f0-b093-d42379fada1d,95c156e2-8d1a-4ed2-8522-95c8550c2f12,4,Love it,"It's okay for the price, nothing special.",2023-11-16T10:48:33.275632Z,2023-12-18T11:27:41.026648Z
929e3446-f1d6-4808-9db4-a71a719e3201,e8de662e-ea59-4ad2-b2f2-81952686ecea,34461852-dc24-4d10-ac30-f5d1ec27b9e5,3,Amazing!,Good but could use some improvements.,2022-04-24T03:35:45.310078Z,2022-08-31T11:19:28.457351Z
8323b5cb-b276-4740-9135-18abcf42acfc,e8de662e-ea59-4ad2-b2f2-81952686ecea,5ae10fde-f8f6-439f-861f-772e7b5c7312,5,Not bad,Good but could use some improvements.,2023-06-01T05:25:52.986971Z,2024-11-05T06:09:53.713633Z
07678c9e-244b-499b-ac1c-e4a4ca6a3c6e,e8de662e-ea59-4ad2-b2f2-81952686ecea,8d3b45e6-43eb-419a-a481-4dea6d58504e,5,Highly recommend,"Average product, nothing outstanding.",2024-02-02T11:33:38.817823Z,2024-04-19T18:55:33.550549Z
ee13f0a4-c8f5-42f9-a7bb-f1ed4b1138a0,d055792c-1100-4430-b53b-28f620152e12,8eaca7f4-2bb1-4da6-84f7-c8b318830aa3,4,Perfect,"Would definitely buy again, very satisfied with the quality.",2023-12-12T16:10:23.166461Z,2024-02-01T21:10:40.665124Z
75f8f83f-e073-4688-bafc-db45d76b7b81,2aacf32c-bc30-49a5-88b0-6d2b3fce89b8,c754e1df-5783-44b7-983c-49096042ec1d,5,Okay product,"Expected more based on reviews, but it's decent.",2023-07-08T19:27:54.212018Z,2024-04-18T01:25:18.408705Z
38bbfb1a-c3f7-44fc-a136-67aaaae970cc,2aacf32c-bc30-49a5-88b0-6d2b3fce89b8,7e168ccc-88e8-417f-9e7e-85f2d1ec0c6e,4,Good value,Highly recommend to everyone!,2023-05-03T14:20:08.756597Z,2024-03-05T00:04:16.742749Z
4a4bf11e-0819-42e8-ad42-cfcc11bb9edb,2aacf32c-bc30-49a5-88b0-6d2b3fce89b8,607c4a32-93f0-4c3a-b024-882fda4aaaed,5,Highly recommend,Highly recommend to everyone!,2024-01-22T19:38:04.062099Z,2024-08-19T04:09:30.862392Z
4115ca34-f7b8-4e89-8793-a1bbf7d5871a,2aacf32c-bc30-49a5-88b0-6d2b3fce89b8,114f41f4-d04d-43c2-8fb0-6f9362bae316,5,Outstanding,"Would definitely buy again, very satisfied with the quality.",2023-02-05T05:41:26.409992Z,2024-10-02T06:15:53.367428Z
1c4bbb0e-370c-4c31-a610-5eda44e5c39e,cb5e166d-dc41-41ce-bd8d-f3868da1e5e0,e4d423e1-bcd7-4afb-9b9e-60ea42662ddd,5,Disappointed,"Expected more based on reviews, but it's decent.",2024-07-03T12:07:46.775584Z,2024-11-29T21:09:13.464919Z
788b9fb8-a490-4418-81f6-ed7ad074620d,cb5e166d-dc41-41ce-bd8d-f3868da1e5e0,eccbf4f7-4bf7-414d-8470-1af891820f02,5,Outstanding,"Perfect for my needs, great build quality.",2022-01-12T20:07:33.326275Z,2024-12-20T03:49:40.627516Z
ba6b0137-3044-40b1-84dc-8d8db6fcf4cc,5036a415-8d9e-4773-a44c-951eb09e8bab,b0e4310f-c9c5-425e-8272-a58afcee3945,5,Disappointed,Good but could use some improvements.,2022-05-08T17:47:39.476438Z,2022-10-12T02:56:48.954734Z
262573f1-442a-4010-9023-48f153889448,5036a415-8d9e-4773-a44c-951eb09e8bab,b2114639-6082-4f8c-bce0-a50ee53ac599,4,Disappointed,I absolutely love this product! Exceeded my expectations.,2023-01-26T08:07:40.489187Z,2024-04-06T18:10:56.744238Z
472c7bf4-532f-4ba7-b799-0f2ef871f562,5036a415-8d9e-4773-a44c-951eb09e8bab,45cce368-3421-4484-bd79-4203cbaf84c9,5,Amazing!,Best purchase I've made this year!,2022-10-26T07:33:06.092875Z,2024-11-13T19:38:55.380160Z
42163c11-5880-46b9-872c-b3cbd95db2d0,5036a415-8d9e-4773-a44c-951eb09e8bab,9a65177c-08fa-4c78-ad25-dbfbcc7eab91,5,Love it,Amazing quality and fast shipping!,2024-05-06T22:27:26.059404Z,2024-10-16T03:55:49.293814Z
a9b6be15-e960-46bb-8414-00a5d43687fb,5036a415-8d9e-4773-a44c-951eb09e8bab,c754e1df-5783-44b7-983c-49096042ec1d,5,Disappointed,Highly recommend to everyone!,2022-09-15T20:32:21.440030Z,2024-07-28T08:22:05.013554Z
5e144fee-5f81-49c3-a01d-ab7f909c200e,5036a415-8d9e-4773-a44c-951eb09e8bab,cbf06922-676c-48f9-b962-438ccb7a7237,5,Amazing!,"Would definitely buy again, very satisfied with the quality.",2023-08-23T15:14:37.454837Z,2024-07-28T08:06:49.866397Z
f5f2cbda-092b-4dc0-8499-341a453b29e9,5036a415-8d9e-4773-a44c-951eb09e8bab,91a5e7c5-bb62-45f3-b3f0-5e366e9bb1b1,4,Terrible,Good but could use some improvements.,2023-08-03T12:38:33.912673Z,2024-08-28T01:38:06.619019Z
d0af18bd-1d1a-4518-b09e-5e65aab0660e,5036a415-8d9e-4773-a44c-951eb09e8bab,b72580ee-bb66-4f1f-9715-a70d641f8a61,5,Not bad,"Poor quality, broke after a week.",2022-04-08T03:48:15.378222Z,2023-11-23T21:45:57.633136Z
1dc31e9f-638b-43e6-9f15-f6c964923709,8ec7959f-beb5-4e34-b7e8-90215c7ce3fb,29e8217c-1965-473b-903b-b1cf477f7cc2,4,Okay product,I absolutely love this product! Exceeded my expectations.,2022-12-22T20:50:28.893631Z,2024-04-06T18:55:33.039086Z
52befab4-7100-43a4-b004-2e9f32656ad3,8ec7959f-beb5-4e34-b7e8-90215c7ce3fb,0f832743-dd90-4f08-ad90-07818c1d90a3,4,Outstanding,Excellent customer service and product.,2024-02-02T13:42:58.026886Z,2024-05-22T18:11:01.661149Z
64a36f4b-1c13-413e-9166-b3418d3ec035,8ec7959f-beb5-4e34-b7e8-90215c7ce3fb,4011e120-ab08-449d-93a8-c7ff72ae15ae,4,Disappointed,Highly recommend to everyone!,2023-02-27T00:46:29.890691Z,2023-11-13T11:52:43.360762Z
d374d407-2ebc-4abc-820a-f9cca9af969e,8ec7959f-beb5-4e34-b7e8-90215c7ce3fb,2571a6bf-09fa-4afe-a550-7b68cc7e3f14,5,Highly recommend,"Not what I expected, quality could be much improved.",2023-04-02T01:20:29.733064Z,2023-12-27T05:13:35.808251Z
fe46b07e-17f7-46d1-a618-a9a41b1fa863,8ec7959f-beb5-4e34-b7e8-90215c7ce3fb,2aa34947-c626-444a-ba14-09a38775d457,4,Excellent quality,"Average product, nothing outstanding.",2023-02-15T11:49:52.180415Z,2024-07-10T02:21:22.646345Z
6d737f1f-c050-4c31-8b89-2a2915bcd5a6,8ec7959f-beb5-4e34-b7e8-90215c7ce3fb,62e5606f-6d0c-453b-95af-b116b4c2fe85,5,Fantastic,"Would definitely buy again, very satisfied with the quality.",2022-11-21T09:06:58.757009Z,2023-02-21T20:25:20.652004Z
128fecc0-3b42-4e16-956a-6a79bbeba665,8ec7959f-beb5-4e34-b7e8-90215c7ce3fb,e09d49fe-cba2-4913-888b-b6b6542c201b,4,Outstanding,Good product but a bit overpriced.,2022-07-27T08:54:45.509021Z,2023-07-21T10:51:28.939293Z
16707c86-5172-4917-806d-a470165c9b4f,82bbc0b2-55e9-4cea-8601-be4afe2d32fd,d05fb210-296d-48ed-ad57-251141c77bfd,3,Could be better,"Perfect for my needs, great build quality.",2022-01-17T03:12:37.325611Z,2024-11-18T22:41:35.310592Z
014a89cb-9a3b-4046-b044-b643bce3e23a,82bbc0b2-55e9-4cea-8601-be4afe2d32fd,4bb811c4-fa2a-46f2-b953-36f754e0a8cb,4,Could be better,Good product but a bit overpriced.,2023-09-26T22:04:12.097898Z,2023-11-11T22:38:58.919530Z
3e7716bc-4871-4364-835f-2234de81324a,82bbc0b2-55e9-4cea-8601-be4afe2d32fd,21ea11b1-e69f-4b68-a608-815f813ba9f9,4,Disappointed,"Expected more based on reviews, but it's decent.",2024-01-04T10:34:22.416029Z,2024-03-12T12:06:54.772048Z
4a1ccbe9-b630-42fb-9f9b-a0fdaf12d71c,82bbc0b2-55e9-4cea-8601-be4afe2d32fd,29e8217c-1965-473b-903b-b1cf477f7cc2,5,Outstanding,"Not what I expected, quality could be much improved.",2023-09-21T18:05:20.235745Z,2024-05-04T01:15:35.162541Z
9abc0a42-6b34-45ae-93b2-13d46003bdb9,82bbc0b2-55e9-4cea-8601-be4afe2d32fd,9b69cf6e-2ee2-4acc-a8a4-962dc8fb126f,5,Great product!,Amazing quality and fast shipping!,2022-08-18T22:14:15.917646Z,2023-04-06T14:41:51.226458Z
0c49b073-adb8-49fd-b420-a7bf64afefc0,82bbc0b2-55e9-4cea-8601-be4afe2d32fd,f1e3871c-07a5-4b2b-964b-0f482eca8535,1,Highly recommend,I absolutely love this product! Exceeded my expectations.,2024-05-28T19:30:53.460272Z,2024-09-11T17:35:36.201577Z
