id,firstName,lastName,email,username,role,createdAt,updatedAt
f0cb8757-69eb-4122-bc41-59c58c27c6ed,Anna,Smith,annasmith260@example.com,annasmith260,USER,2021-04-02T04:47:06.709570Z,2024-04-22T02:37:27.033326Z
3df82334-ad02-4f10-97ac-c60de85dc08c,Sarah,Williams,sarahwilliams527@example.com,sarahwilliams527,USER,2023-05-17T00:35:12.750800Z,2024-11-25T13:14:28.617889Z
bbea8e07-9ef9-4cf6-8193-45de020eb6ec,Barbara,Smith,barbarasmith173@example.com,barbarasmith173,USER,2023-11-30T13:21:17.163032Z,2024-03-19T10:06:05.398382Z
de6d31dd-03a3-4225-906a-4041f6cd46ef,James,Lopez,jameslopez628@example.com,jameslopez628,SELLER,2021-06-25T01:46:29.562275Z,2022-03-07T12:05:35.307419Z
887722d2-bffb-40c6-bf01-5709a6686615,Jessica,Jackson,jessicajackson81@example.com,jessicajackson81,USER,2020-04-03T21:14:49.303445Z,2020-09-13T07:55:06.398591Z
e14760e7-f908-497c-af3b-d6ebba692000,Barbara,Anderson,barbaraanderson383@example.com,barbaraanderson383,USER,2020-11-29T11:22:13.702729Z,2022-05-29T22:59:43.679514Z
26b5ff73-0df5-4ba1-a91b-29c6ce1ad624,David,Martin,davidmartin556@example.com,davidmartin556,USER,2024-02-02T07:10:29.397887Z,2024-06-19T20:44:35.230283Z
af611da6-c547-4e17-955c-fcce29c751a5,Daniel,Harris,danielharris244@example.com,danielharris244,USER,2024-08-10T01:51:20.420651Z,2024-10-17T02:13:58.988712Z
e718a730-a76e-488b-9016-95c4a2ef7ed9,Daniel,Miller,danielmiller415@example.com,danielmiller415,USER,2023-08-09T14:09:16.146413Z,2023-12-13T23:35:34.275504Z
bdc7ce60-f039-495f-ab26-e8d4c97b2031,Karen,Jackson,karenjackson234@example.com,karenjackson234,USER,2020-10-10T16:31:05.792495Z,2021-01-14T03:09:40.167753Z
f049bdff-ae1d-43a4-8445-271ad3210ac5,Karen,Martin,karenmartin400@example.com,karenmartin400,USER,2023-05-05T14:33:16.580099Z,2023-05-16T21:46:07.714825Z
6ebe40fc-989c-4425-aedd-d715a5f61717,Kenneth,Harris,kennethharris666@example.com,kennethharris666,USER,2021-11-27T03:18:27.165840Z,2024-06-13T00:46:56.754639Z
6b53523e-3ca1-4b0e-a175-dc3552ef8d4b,Charles,Taylor,charlestaylor529@example.com,charlestaylor529,USER,2020-08-05T20:19:53.669987Z,2023-06-10T19:12:09.392077Z
d68c7a10-a8d5-49c6-a2da-e1df40ee1f07,William,Moore,williammoore954@example.com,williammoore954,SELLER,2022-12-22T00:38:20.512340Z,2023-01-10T03:59:23.921406Z
d0e4db7f-8791-480e-ac0b-aefc5846adcd,Elizabeth,Davis,elizabethdavis909@example.com,elizabethdavis909,USER,2023-03-07T02:05:46.509597Z,2023-05-16T17:49:08.134628Z
173a257b-b839-465e-85ed-58b9d780101e,Steven,Moore,stevenmoore550@example.com,stevenmoore550,USER,2023-05-27T13:13:59.565492Z,2023-12-18T22:19:25.704314Z
5f031b9e-0c38-43a0-b1db-5992596dc5a2,Jessica,Anderson,jessicaanderson472@example.com,jessicaanderson472,SELLER,2020-09-04T07:14:04.354508Z,2020-10-17T18:35:14.617024Z
85f2cc36-73c8-4414-ad32-f3281064d6a4,Thomas,Smith,thomassmith656@example.com,thomassmith656,USER,2020-04-30T07:04:57.032938Z,2022-03-07T02:32:15.292004Z
77f80b90-d5d7-4a89-9762-fc84b12a1e11,Helen,Miller,helenmiller750@example.com,helenmiller750,USER,2023-03-15T18:30:15.822733Z,2024-07-11T13:12:06.101639Z
b3ab7995-f9ff-4c83-b5b9-8769a73bf810,Karen,Lopez,karenlopez488@example.com,karenlopez488,USER,2024-02-02T01:43:41.677568Z,2024-03-23T01:25:46.355784Z
170d6746-2857-4349-a50e-c1fa214be145,James,Davis,jamesdavis559@example.com,jamesdavis559,USER,2022-07-07T04:27:11.292075Z,2023-10-23T07:55:59.079046Z
f0fc4fb2-53e4-4c3e-9ecf-53e0d5cf6c63,Donald,Moore,donaldmoore677@example.com,donaldmoore677,USER,2023-01-12T00:05:59.790170Z,2023-09-11T05:26:31.504740Z
ee6fb3f6-b1a1-4eac-91b3-3c30cee35e6d,Linda,Gonzalez,lindagonzalez178@example.com,lindagonzalez178,SELLER,2022-02-15T00:24:16.971524Z,2024-09-03T09:27:44.765990Z
94f354eb-e93b-48ab-b1cd-d819026f2723,Donna,Perez,donnaperez168@example.com,donnaperez168,USER,2021-01-23T09:13:03.607314Z,2024-02-07T01:47:20.059942Z
59c79d85-7632-4580-838b-193165a3b0e0,Emma,Jackson,emmajackson951@example.com,emmajackson951,USER,2022-12-23T05:03:32.084002Z,2023-07-01T02:38:04.708011Z
e691d4fc-a5e4-4f62-98f1-fbcc639e0a14,Patricia,Gonzalez,patriciagonzalez921@example.com,patriciagonzalez921,USER,2023-03-12T07:37:38.041672Z,2024-12-05T02:26:42.612024Z
28e24c73-fdee-479e-ad4a-c89a4ae1e2fd,Sandra,Hernandez,sandrahernandez219@example.com,sandrahernandez219,SELLER,2023-10-03T22:20:15.278517Z,2024-04-22T04:42:41.314569Z
fdb7317b-afc6-43b7-a437-7b8b28d8ec81,Betty,Hernandez,bettyhernandez968@example.com,bettyhernandez968,SELLER,2020-05-28T00:29:39.590341Z,2020-12-18T02:34:13.530458Z
8bb632a6-62dc-42fc-8900-e034f26a0ddb,Charles,Jones,charlesjones912@example.com,charlesjones912,SELLER,2020-05-20T07:23:18.165409Z,2022-11-03T17:45:19.641390Z
4c153c23-63df-4d3f-87d7-823b6dd259f7,Sandra,Smith,sandrasmith577@example.com,sandrasmith577,USER,2021-09-05T21:06:56.140814Z,2023-02-28T03:56:06.778480Z
6eebf53f-7070-4bb0-aaea-315d95ed21c2,Donna,Jones,donnajones629@example.com,donnajones629,USER,2021-03-07T22:21:13.720892Z,2024-09-25T08:32:31.263319Z
e3c20df9-d887-4c62-9926-9f2068652264,Emma,Williams,emmawilliams859@example.com,emmawilliams859,USER,2021-07-20T01:00:21.808577Z,2022-04-13T20:16:10.777236Z
f3f051f2-ba2d-4ba0-afbd-e35a9522733f,Donald,Moore,donaldmoore584@example.com,donaldmoore584,USER,2020-01-20T03:04:56.724586Z,2020-11-20T17:02:53.387151Z
282cf4dc-f545-4df3-92f6-a34532460abc,Donna,Jones,donnajones52@example.com,donnajones52,USER,2021-09-23T11:57:59.834794Z,2021-12-13T11:13:43.261650Z
2def3228-d78c-443b-b21a-e19fee6a923f,James,Lopez,jameslopez915@example.com,jameslopez915,USER,2022-04-12T19:47:09.970733Z,2024-11-19T07:55:10.838742Z
15e1e27f-28e0-4834-b899-fa11572563a4,Jennifer,Wilson,jenniferwilson764@example.com,jenniferwilson764,USER,2021-11-11T13:51:42.906036Z,2023-04-03T08:10:50.735343Z
cae622d0-d486-4bdf-8d26-da45d67b7c50,James,Gonzalez,jamesgonzalez889@example.com,jamesgonzalez889,SELLER,2022-08-21T07:12:52.963066Z,2023-12-05T11:19:52.833980Z
ba84d381-1e56-417c-b4f0-c0f47815d633,Thomas,Davis,thomasdavis207@example.com,thomasdavis207,USER,2022-03-27T10:17:55.072792Z,2024-12-11T08:22:41.534150Z
aeacf84c-e852-4a16-b430-ef415c5c6e82,Nancy,Perez,nancyperez559@example.com,nancyperez559,ADMIN,2021-11-09T00:07:56.273903Z,2022-11-09T18:16:02.113668Z
4e2db21e-c4c8-4e57-990c-dac81d5dcfd6,Karen,Lopez,karenlopez331@example.com,karenlopez331,USER,2022-06-12T19:32:07.403906Z,2024-12-19T18:12:16.046542Z
699df905-35e5-4b75-a205-4063aa971dd1,Karen,Smith,karensmith835@example.com,karensmith835,USER,2023-01-07T21:46:47.772840Z,2024-11-23T06:23:27.073372Z
6ef86bbc-62b0-495b-a5e9-138d396947be,Susan,Martin,susanmartin878@example.com,susanmartin878,USER,2020-09-12T23:57:19.531756Z,2022-06-07T21:26:20.421947Z
e062fc2d-1e1e-4a35-b86b-bca60802e634,Christopher,Moore,christophermoore440@example.com,christophermoore440,USER,2023-09-23T12:43:47.946660Z,2023-12-21T19:36:19.425800Z
3ba192bd-d0f8-4b6b-9973-15e714db560b,Donna,Smith,donnasmith225@example.com,donnasmith225,USER,2022-05-30T18:38:41.337902Z,2023-09-18T14:28:43.224082Z
b9bf7872-85e9-44cd-8c6d-d79978240358,Andrew,Thomas,andrewthomas992@example.com,andrewthomas992,USER,2024-06-18T23:10:42.088914Z,2024-08-29T16:42:40.649342Z
82f1668d-8d36-4568-9eeb-ee27e088d3cf,Susan,Williams,susanwilliams779@example.com,susanwilliams779,SELLER,2021-04-26T21:19:14.845742Z,2022-06-07T04:01:02.256736Z
bd897ccd-697a-44eb-a05f-f9a3b2aed3bc,Steven,Martin,stevenmartin84@example.com,stevenmartin84,SELLER,2022-07-21T13:56:40.603634Z,2023-02-05T22:44:24.518392Z
97209e6b-d421-4b5c-9e15-1d742d41bc07,Nancy,Davis,nancydavis714@example.com,nancydavis714,USER,2020-01-12T03:49:27.229471Z,2021-01-06T22:33:29.052657Z
34461852-dc24-4d10-ac30-f5d1ec27b9e5,Donna,Davis,donnadavis134@example.com,donnadavis134,SELLER,2022-07-23T04:51:29.700005Z,2024-01-17T17:38:20.996188Z
33ba3521-03b0-4316-aaa4-036b9c9febe0,Donald,Martin,donaldmartin923@example.com,donaldmartin923,SELLER,2022-10-30T13:53:58.574485Z,2024-01-29T05:47:55.497732Z
71316f1c-ed2d-4b6d-8c1f-438bd271a8cf,Donald,Rodriguez,donaldrodriguez870@example.com,donaldrodriguez870,USER,2023-07-29T08:49:49.546622Z,2024-12-06T20:15:17.461239Z
cbf06922-676c-48f9-b962-438ccb7a7237,David,Thompson,davidthompson288@example.com,davidthompson288,USER,2021-11-18T10:57:34.084491Z,2022-08-28T04:14:24.727659Z
86496b71-949f-44f5-a434-e36ea06ad667,Maria,Thompson,mariathompson434@example.com,mariathompson434,USER,2022-04-14T10:34:29.435970Z,2022-06-16T06:53:26.408396Z
5cd9ce2f-7b9b-4949-b686-931afd1ca157,Sarah,Harris,sarahharris498@example.com,sarahharris498,USER,2020-01-13T11:19:48.408930Z,2024-10-25T13:34:47.770319Z
52817bff-115f-412a-a177-77e4cf7fea35,Kenneth,Martin,kennethmartin509@example.com,kennethmartin509,SELLER,2021-03-25T08:27:31.030434Z,2023-05-30T10:42:43.836912Z
bbf7aab5-8ff8-4e5e-b9e5-a8d59de112ae,Nancy,White,nancywhite488@example.com,nancywhite488,USER,2020-09-18T19:34:01.950983Z,2022-12-03T18:36:42.028418Z
56d32b94-abe7-4b26-a4f7-89d83677c4b5,Lisa,Lee,lisalee897@example.com,lisalee897,USER,2022-08-03T05:03:16.397519Z,2023-07-04T06:29:20.353894Z
47071c0a-b88a-4505-ab56-92b788e4447e,Anthony,Rodriguez,anthonyrodriguez861@example.com,anthonyrodriguez861,USER,2022-05-13T08:53:05.493152Z,2022-06-01T23:34:03.998160Z
5b32bc59-a55a-4e63-a967-da3accb76823,Matthew,Davis,matthewdavis809@example.com,matthewdavis809,USER,2023-08-27T01:48:01.995740Z,2023-12-31T06:53:01.651517Z
98b8b352-ef30-4a44-abfd-027d2628a6da,Maria,Davis,mariadavis695@example.com,mariadavis695,USER,2020-08-22T18:13:29.733442Z,2022-01-28T11:10:38.636745Z
e5509bc3-30aa-48d9-8cda-56ea18934a43,Anna,Harris,annaharris997@example.com,annaharris997,SELLER,2021-09-29T03:37:01.974008Z,2023-06-29T18:43:58.393537Z
603e5878-e3c9-4cd9-84d5-2fb558522dad,Nancy,Thompson,nancythompson616@example.com,nancythompson616,USER,2023-11-15T20:15:06.731059Z,2024-12-14T09:54:43.629577Z
ef5a6c45-f4b3-4c9d-bab8-381495cf7124,Anna,Jackson,annajackson365@example.com,annajackson365,USER,2022-12-27T13:42:23.072306Z,2024-05-28T20:21:00.890844Z
74919595-2489-47a7-a2a9-5648bc37db88,Mark,Thomas,markthomas993@example.com,markthomas993,USER,2022-01-11T20:57:53.482071Z,2022-11-20T13:11:46.547091Z
cdcccd28-bc43-4e73-a9f8-4b44a214f40f,Barbara,Martin,barbaramartin561@example.com,barbaramartin561,SELLER,2024-05-05T15:29:27.865845Z,2024-11-08T18:17:20.893085Z
b5292638-432c-452a-83b6-6feac4bb233d,Patricia,Williams,patriciawilliams471@example.com,patriciawilliams471,USER,2021-05-14T14:36:39.700646Z,2023-06-29T10:01:31.892288Z
fab5bbd3-1af1-4a30-90bd-ad351f466734,Daniel,Garcia,danielgarcia373@example.com,danielgarcia373,USER,2024-06-21T08:21:17.923082Z,2024-11-20T22:56:17.582789Z
e21cd177-cf57-4ca5-a93e-64fe0c806d79,John,Taylor,johntaylor97@example.com,johntaylor97,SELLER,2021-05-09T23:26:31.582144Z,2022-09-13T22:30:41.746420Z
23e2c460-71fe-4404-accd-d8539b7a10f0,Helen,Anderson,helenanderson105@example.com,helenanderson105,USER,2021-08-25T07:25:44.255123Z,2023-05-14T21:37:23.496249Z
ce10c2a2-32f9-4683-84a2-33fb1de47212,Donna,Taylor,donnataylor773@example.com,donnataylor773,USER,2023-02-01T10:22:44.475786Z,2023-11-05T09:16:14.126516Z
f2bec0e9-c87f-4b71-b8da-7323302cc6cd,Richard,Hernandez,richardhernandez558@example.com,richardhernandez558,USER,2024-04-09T22:11:12.226895Z,2024-12-12T08:46:37.797135Z
d37cbf09-825d-4702-8169-34d13a5396fd,Sandra,Martin,sandramartin112@example.com,sandramartin112,USER,2024-09-01T06:18:14.378411Z,2024-09-23T09:00:45.560081Z
eccbf4f7-4bf7-414d-8470-1af891820f02,Robert,Rodriguez,robertrodriguez65@example.com,robertrodriguez65,USER,2023-02-07T09:44:08.668854Z,2024-06-23T03:55:00.601949Z
28c1bdbf-53c7-41c5-8556-6f3c52c8b981,Christopher,Thomas,christopherthomas358@example.com,christopherthomas358,USER,2021-01-12T01:16:55.500935Z,2021-09-02T02:25:31.077680Z
f1e3871c-07a5-4b2b-964b-0f482eca8535,Emma,Jones,emmajones586@example.com,emmajones586,USER,2021-09-14T02:15:07.585181Z,2024-01-14T19:38:50.648458Z
711706f2-c0f6-4fc3-8795-812f30c46077,Thomas,Harris,thomasharris471@example.com,thomasharris471,USER,2022-06-25T09:55:37.449660Z,2023-05-03T18:39:03.639244Z
078f6088-d9a7-4665-96bc-42dcbb69125f,James,Harris,jamesharris226@example.com,jamesharris226,USER,2021-06-25T21:05:10.251516Z,2022-06-15T17:04:10.002805Z
fdbe5f2c-1d06-418b-8e32-67d2323d7e32,Mark,Anderson,markanderson491@example.com,markanderson491,USER,2021-08-19T01:14:18.741296Z,2023-03-21T22:55:29.074637Z
4b74f701-4c59-4e98-8f62-29a3af2e0c41,Thomas,Rodriguez,thomasrodriguez650@example.com,thomasrodriguez650,USER,2023-04-22T21:51:59.207428Z,2024-06-30T03:34:14.679094Z
7f3ec454-beff-4775-bc3c-9d3704ac4648,Maria,Rodriguez,mariarodriguez83@example.com,mariarodriguez83,SELLER,2020-05-02T05:50:19.623948Z,2024-07-13T18:58:18.460485Z
bea3e1fe-af17-438b-b2c1-87424ef2ad5a,Anna,Anderson,annaanderson726@example.com,annaanderson726,USER,2022-04-04T08:32:34.517781Z,2023-06-26T02:38:02.932627Z
d53e364f-fb89-4279-914d-241de7be2f15,Karen,White,karenwhite266@example.com,karenwhite266,USER,2020-02-22T02:14:43.876566Z,2024-12-19T18:37:01.801909Z
114f41f4-d04d-43c2-8fb0-6f9362bae316,Barbara,Jackson,barbarajackson784@example.com,barbarajackson784,USER,2020-12-24T15:33:41.463711Z,2022-07-16T05:37:27.665620Z
0db8ace9-95e1-4e13-9691-3c02d197137d,Helen,Williams,helenwilliams428@example.com,helenwilliams428,USER,2021-11-13T10:42:06.899398Z,2022-10-08T10:26:44.519536Z
4269b741-747d-4d82-a03e-ff6102a43499,Christopher,Perez,christopherperez843@example.com,christopherperez843,SELLER,2024-04-06T17:02:29.092337Z,2024-09-14T08:20:07.810075Z
97fa6f56-c680-4b46-b67c-e2be433ef853,Nancy,Taylor,nancytaylor11@example.com,nancytaylor11,SELLER,2023-09-08T17:29:26.056837Z,2023-12-13T16:23:39.793188Z
93d24ce9-23e0-4adc-a57f-64f9b49951da,Helen,Lee,helenlee62@example.com,helenlee62,USER,2021-02-20T08:35:08.972735Z,2022-10-02T14:56:44.508257Z
f64c1d03-6f27-4ef7-9693-bbe321776c14,Anna,Smith,annasmith633@example.com,annasmith633,SELLER,2024-06-24T07:45:10.325845Z,2024-11-12T00:35:26.097736Z
9ee3a7bf-1f02-47cc-938b-f606db7501b1,Thomas,Brown,thomasbrown130@example.com,thomasbrown130,USER,2023-08-19T04:31:59.751413Z,2024-01-15T16:45:17.435673Z
c295ea3a-8160-4b50-a024-d586a73982e6,Steven,Thomas,steventhomas574@example.com,steventhomas574,USER,2020-10-23T12:12:58.628492Z,2023-08-29T23:56:08.905997Z
c84a929f-7be6-4dd9-bde2-8542b2407a79,David,Rodriguez,davidrodriguez884@example.com,davidrodriguez884,USER,2022-04-29T10:59:50.532401Z,2023-01-27T00:18:46.313058Z
17daf5bd-8207-42eb-9d47-b73b5d3019fa,Helen,Jones,helenjones505@example.com,helenjones505,USER,2021-12-07T10:35:48.569827Z,2024-01-18T14:59:20.911843Z
9c95665e-9c8c-4d33-96be-f99714a5835d,Richard,Thompson,richardthompson402@example.com,richardthompson402,USER,2021-04-23T13:02:20.780879Z,2023-12-17T22:58:51.399749Z
b78cb4f1-17df-4227-877d-ce1ec4e10a51,Anthony,Perez,anthonyperez677@example.com,anthonyperez677,USER,2020-11-07T15:02:08.526690Z,2024-02-28T10:55:06.916655Z
22392f7f-b9f8-4ecf-b08d-9f8d4aa2a8ae,Donald,Brown,donaldbrown477@example.com,donaldbrown477,USER,2020-02-01T23:09:26.913239Z,2023-10-03T04:04:30.819488Z
0c9d6ffb-f2f1-4223-ab89-9016277b4632,Charles,Hernandez,charleshernandez417@example.com,charleshernandez417,USER,2023-08-23T02:54:21.893744Z,2024-08-02T17:24:20.657246Z
d0ded576-2feb-4dd4-9282-7150a56fcc4d,Helen,Moore,helenmoore80@example.com,helenmoore80,USER,2021-04-25T20:43:58.301338Z,2022-08-03T23:05:27.103225Z
1f32f074-2d63-45ca-9e57-e9c2fd9f58ae,James,Anderson,jamesanderson316@example.com,jamesanderson316,USER,2020-02-29T01:20:50.058845Z,2021-10-21T11:23:27.152640Z
efeb531e-7130-44ff-8f87-2e4384acb9c8,Patricia,Taylor,patriciataylor708@example.com,patriciataylor708,USER,2024-06-11T05:10:11.082804Z,2024-11-14T12:39:43.252528Z
bbfc6153-eb57-4a94-bc47-d365c13dcf88,Helen,Jackson,helenjackson482@example.com,helenjackson482,USER,2023-07-30T08:29:16.699233Z,2023-08-08T14:57:18.710526Z
4760b8a6-6f72-42b7-b992-561d42d84a88,Kenneth,Garcia,kennethgarcia977@example.com,kennethgarcia977,USER,2021-12-08T18:19:40.444920Z,2023-05-04T14:54:19.208894Z
74edce0c-874f-47fd-94f6-37a19d330a66,Anthony,Thomas,anthonythomas400@example.com,anthonythomas400,USER,2023-03-17T11:36:18.733247Z,2024-01-13T00:53:42.415032Z
4e8f8352-6f54-423b-9192-cc1b34bf93e3,Barbara,Smith,barbarasmith712@example.com,barbarasmith712,USER,2024-05-12T23:03:58.635863Z,2024-11-18T15:53:57.946795Z
014d8d19-40ae-4df6-a9a2-a64275e10be4,Christopher,Harris,christopherharris631@example.com,christopherharris631,USER,2024-06-30T11:14:40.199367Z,2024-12-05T08:43:48.755948Z
afd26bc2-eab1-445e-ae6c-fa28966c5fe7,Robert,Lee,robertlee652@example.com,robertlee652,USER,2023-08-16T01:19:50.462236Z,2023-09-02T18:23:46.137795Z
c61b8e64-4f2c-4a42-9d2d-5cd195cfe5c4,Lisa,Martinez,lisamartinez435@example.com,lisamartinez435,USER,2020-12-25T06:08:50.565610Z,2023-01-13T16:32:58.285765Z
45bec346-b8df-4dfb-b7d6-63342c7f2e80,William,Rodriguez,williamrodriguez976@example.com,williamrodriguez976,SELLER,2022-09-13T09:47:55.355168Z,2024-12-14T03:29:04.147594Z
95036783-52e1-420a-a494-3d1cde611984,Thomas,Perez,thomasperez416@example.com,thomasperez416,USER,2024-09-28T17:23:05.829090Z,2024-11-17T00:16:34.129592Z
0c9838a7-1d70-4d70-b5fe-805436fd6d6c,Betty,Lopez,bettylopez698@example.com,bettylopez698,USER,2021-06-20T18:24:52.669567Z,2023-07-20T03:43:14.494379Z
f4bc27c1-0057-46e4-b5d5-f4dd1b15c35d,Sarah,Martin,sarahmartin584@example.com,sarahmartin584,SELLER,2021-11-02T19:14:41.066287Z,2024-06-09T22:19:41.428129Z
420f508b-7a23-40bb-97d2-db97ac0f4642,Anna,Jones,annajones48@example.com,annajones48,USER,2021-09-15T15:07:06.246205Z,2024-09-19T04:24:29.389033Z
ee62ab3d-5512-4987-bdcc-de0fb8367179,Kenneth,Wilson,kennethwilson754@example.com,kennethwilson754,USER,2020-11-12T13:41:06.874190Z,2023-08-11T19:26:17.034305Z
ca067f4c-8e0b-4d09-8223-bd9a9d8b3212,Jessica,Miller,jessicamiller983@example.com,jessicamiller983,USER,2021-04-28T11:06:43.385178Z,2024-05-17T20:22:03.417479Z
8d3b45e6-43eb-419a-a481-4dea6d58504e,Barbara,Miller,barbaramiller981@example.com,barbaramiller981,SELLER,2024-08-14T14:05:42.222409Z,2024-08-19T01:50:21.255400Z
dd3f656d-0519-4a21-a54f-5af11d1ece48,Robert,Jackson,robertjackson859@example.com,robertjackson859,USER,2024-04-16T17:13:37.226441Z,2024-08-13T10:49:09.826952Z
e4d423e1-bcd7-4afb-9b9e-60ea42662ddd,John,Rodriguez,johnrodriguez158@example.com,johnrodriguez158,SELLER,2020-09-23T17:16:51.182973Z,2021-05-06T21:55:01.138205Z
bc5bcd84-5467-4041-a988-9fa9ef2887f1,John,Lopez,johnlopez253@example.com,johnlopez253,USER,2023-04-20T10:01:11.278258Z,2023-06-12T04:47:26.551640Z
54c8ae94-2144-4e3e-89d6-ebeb316854f7,Anna,White,annawhite469@example.com,annawhite469,USER,2024-05-12T11:32:37.114351Z,2024-09-04T16:14:39.045471Z
b0e4310f-c9c5-425e-8272-a58afcee3945,Sandra,Martinez,sandramartinez997@example.com,sandramartinez997,USER,2020-03-04T01:30:54.421126Z,2022-07-25T21:06:31.747006Z
c81e7de7-1ddf-4267-9ed1-ed40d5fbfbe1,Donald,Williams,donaldwilliams339@example.com,donaldwilliams339,SELLER,2023-05-30T04:04:08.288375Z,2024-12-11T22:20:24.626410Z
c63f24b1-c6a3-4ca0-b060-3e2bb2593bd3,Sandra,Martinez,sandramartinez629@example.com,sandramartinez629,USER,2022-05-31T03:50:44.119971Z,2024-10-20T20:41:56.806315Z
5597da9f-fe31-4793-b926-b00377dbffea,Donna,White,donnawhite450@example.com,donnawhite450,SELLER,2022-07-13T07:26:21.867611Z,2023-10-20T12:26:46.099704Z
f776dc06-912d-4a2e-8774-7c8393aae8c8,Daniel,Wilson,danielwilson271@example.com,danielwilson271,USER,2022-02-05T04:43:59.497305Z,2022-06-22T02:53:05.097758Z
9a65177c-08fa-4c78-ad25-dbfbcc7eab91,Karen,Brown,karenbrown391@example.com,karenbrown391,USER,2024-07-20T04:35:03.614953Z,2024-12-10T17:21:42.128168Z
a5088e4c-1446-4548-b36e-dbfe9e98c5bc,Mark,Lopez,marklopez973@example.com,marklopez973,SELLER,2024-03-16T13:55:58.756086Z,2024-04-11T09:38:19.368727Z
6d65655c-3cc3-4595-9081-6c94c237378f,James,Jackson,jamesjackson168@example.com,jamesjackson168,USER,2023-09-06T15:14:54.113475Z,2024-03-03T17:23:07.799649Z
2c4303d8-9ea8-4ce1-9756-75c872aa3b52,Barbara,Jackson,barbarajackson449@example.com,barbarajackson449,USER,2024-09-26T17:49:52.651924Z,2024-12-13T21:41:35.027529Z
bf6f7798-b705-42dc-98cd-62a8554262bd,Barbara,Smith,barbarasmith729@example.com,barbarasmith729,USER,2024-04-10T09:58:21.368074Z,2024-04-13T05:55:09.593830Z
bceeb48f-ae56-48bd-b035-7ed1af15ffa7,Nancy,Williams,nancywilliams658@example.com,nancywilliams658,USER,2020-03-03T02:47:33.225583Z,2022-04-12T13:29:21.165055Z
1ea12a59-7849-4f3c-a22f-f53a9640f2e9,Jessica,Martinez,jessicamartinez805@example.com,jessicamartinez805,USER,2023-03-08T19:05:56.055164Z,2023-08-14T05:48:39.052179Z
d3db64b1-fce4-4e83-a3aa-91c64b0309f9,Lisa,Rodriguez,lisarodriguez444@example.com,lisarodriguez444,USER,2022-09-21T19:28:26.286436Z,2023-04-29T16:07:22.450797Z
64d00f47-0837-45d7-a14a-638fa4df8e4e,Anna,Martinez,annamartinez617@example.com,annamartinez617,USER,2022-09-23T16:42:19.047623Z,2023-05-06T12:38:03.008060Z
c5106df7-50cd-4f5b-af01-babd61d47491,Linda,Martinez,lindamartinez795@example.com,lindamartinez795,SELLER,2020-10-08T08:18:20.125812Z,2020-10-23T15:47:27.184229Z
29def184-995e-4c18-8ff5-d294897803e4,Robert,Gonzalez,robertgonzalez245@example.com,robertgonzalez245,USER,2022-10-21T17:53:42.845362Z,2023-10-18T02:25:55.778086Z
d6a56ad9-baf4-4cac-9d3e-5432799930c9,Michael,Wilson,michaelwilson953@example.com,michaelwilson953,USER,2020-06-08T10:36:27.601253Z,2022-09-14T22:40:26.303578Z
2fd094a3-b6c9-4f04-b1e1-065b8f860bfc,Anna,Gonzalez,annagonzalez342@example.com,annagonzalez342,USER,2020-12-17T19:29:53.723108Z,2022-12-28T02:27:54.111005Z
1b05c49f-7316-49f8-af4f-32060f4581e8,Patricia,Wilson,patriciawilson546@example.com,patriciawilson546,USER,2020-06-10T12:55:19.782033Z,2022-05-06T07:21:49.176299Z
1c826fb8-c4ab-434f-8e94-ef6ac00cef70,David,Taylor,davidtaylor553@example.com,davidtaylor553,USER,2022-11-10T06:57:49.366346Z,2023-11-04T23:52:41.854628Z
293bd046-b02e-444f-a014-a65dba4cba95,Maria,Davis,mariadavis272@example.com,mariadavis272,USER,2021-02-08T05:38:09.797143Z,2024-10-12T02:11:49.658452Z
8a425d18-d96c-42de-8cf0-8bba7a2cb044,Helen,Anderson,helenanderson788@example.com,helenanderson788,USER,2023-04-01T14:43:59.924894Z,2024-10-30T20:40:39.338908Z
fba19eb0-6fdb-47fc-83c0-c05e5375c341,Daniel,Jones,danieljones490@example.com,danieljones490,USER,2022-06-24T20:19:50.288016Z,2024-02-19T01:22:32.077794Z
7476bb2e-c830-446b-8296-04f6f2ba5781,Elizabeth,Anderson,elizabethanderson68@example.com,elizabethanderson68,USER,2022-01-25T09:04:41.906231Z,2022-07-28T19:38:32.403159Z
33d84287-fc38-43eb-a869-d4f84475092f,Betty,Jackson,bettyjackson820@example.com,bettyjackson820,USER,2024-02-22T01:28:58.849153Z,2024-12-10T20:12:20.634394Z
6f52b057-93a9-4e36-a397-dfe8e653c0b3,Steven,Taylor,steventaylor73@example.com,steventaylor73,USER,2022-07-11T03:51:57.878053Z,2023-06-27T22:05:32.677513Z
63dbe74b-9914-403f-821b-56a513e7a453,Jennifer,Johnson,jenniferjohnson458@example.com,jenniferjohnson458,USER,2022-06-18T16:33:39.166457Z,2023-06-25T11:58:18.406235Z
385f6782-4a03-4408-a349-133a2a45f617,Mark,Harris,markharris622@example.com,markharris622,USER,2020-04-17T20:41:21.069113Z,2022-02-21T03:35:43.405341Z
d67a9791-0660-4bb5-867e-a99824a9742b,Christopher,Rodriguez,christopherrodriguez682@example.com,christopherrodriguez682,USER,2023-05-19T04:21:05.611046Z,2023-10-10T11:19:41.732409Z
9a639156-69c3-4994-8e34-b0c5b7fbe58c,Nancy,Jones,nancyjones970@example.com,nancyjones970,USER,2020-06-22T09:35:24.674751Z,2024-11-29T10:52:08.702667Z
bd489f37-d66b-4cc5-ad24-a85cac479de0,Sandra,Williams,sandrawilliams443@example.com,sandrawilliams443,USER,2022-11-07T11:01:23.323869Z,2023-05-10T06:21:49.509892Z
5d1f3239-9f8f-40f1-987d-4c88e056b778,Richard,Davis,richarddavis168@example.com,richarddavis168,ADMIN,2020-06-07T09:54:50.106053Z,2023-04-12T17:53:47.926607Z
2587d0be-4edb-4a38-97b7-83bc0875bc58,Sandra,Johnson,sandrajohnson907@example.com,sandrajohnson907,USER,2024-04-18T19:08:38.395019Z,2024-07-05T05:11:53.726501Z
03a490ff-affa-43e3-bd8b-39ab2d3bbbce,William,White,williamwhite430@example.com,williamwhite430,USER,2022-01-16T21:46:15.465776Z,2023-08-22T23:50:28.245369Z
ca687ae2-cf6b-4f39-a92f-d8bc8c505f47,Kenneth,Davis,kennethdavis838@example.com,kennethdavis838,USER,2024-05-25T15:57:53.203440Z,2024-08-27T21:36:28.484106Z
befd3386-f732-4c8f-b5ca-460f43de5688,Christopher,Harris,christopherharris550@example.com,christopherharris550,USER,2022-05-07T05:52:12.840181Z,2024-01-16T04:55:16.054714Z
b05aae3f-beb5-4b06-bd33-ea7140d90612,Steven,Lopez,stevenlopez115@example.com,stevenlopez115,USER,2023-12-27T16:54:07.298910Z,2024-02-07T05:17:28.949282Z
7c6e1ec5-5816-4d0c-8111-eb31ad9d9dd8,Andrew,Jones,andrewjones103@example.com,andrewjones103,SELLER,2021-03-30T14:56:22.975670Z,2021-05-23T13:03:25.526392Z
879149a5-330d-48f8-8290-f246919dd923,Jessica,Davis,jessicadavis93@example.com,jessicadavis93,USER,2022-02-06T07:01:20.976041Z,2022-08-27T22:41:21.829822Z
0e5d5177-90f4-47c2-b7aa-e7a9b20c2815,Maria,Jones,mariajones949@example.com,mariajones949,USER,2024-08-26T15:44:53.145534Z,2024-12-01T22:30:28.645239Z
7c940be7-f306-49d9-8ff4-7451dd077412,John,Williams,johnwilliams230@example.com,johnwilliams230,USER,2024-09-06T04:35:46.638457Z,2024-11-12T13:07:49.302096Z
04a92595-a7ee-4bf8-8e14-5c4bf33c3c8f,Patricia,Martinez,patriciamartinez254@example.com,patriciamartinez254,USER,2022-05-09T20:50:39.479318Z,2022-07-12T03:53:57.524108Z
e3d330ae-4786-4994-b18a-bec08c75c952,Kenneth,Smith,kennethsmith598@example.com,kennethsmith598,USER,2021-05-10T22:09:18.450089Z,2021-05-13T19:22:15.598384Z
2e839eff-e4ba-4134-82de-843ba5840dbe,Mark,Garcia,markgarcia97@example.com,markgarcia97,USER,2022-12-08T11:04:33.570511Z,2024-05-10T16:35:01.409420Z
50809b15-c8ab-4b84-be0c-5cfe0856777f,Steven,Johnson,stevenjohnson392@example.com,stevenjohnson392,USER,2021-06-03T23:01:22.826823Z,2021-10-19T11:15:46.689023Z
56da6323-eda3-40dc-b220-030c9d95bc96,James,Harris,jamesharris784@example.com,jamesharris784,USER,2021-11-11T04:02:22.572536Z,2023-10-05T20:11:53.816990Z
e3bdf59e-3897-4761-9ebf-3d0ee13f3bdb,Betty,Thompson,bettythompson196@example.com,bettythompson196,USER,2024-07-19T04:04:45.813894Z,2024-11-13T01:18:12.045934Z
5e4007ed-63dd-45d7-a077-f07a9c55f929,Richard,Johnson,richardjohnson327@example.com,richardjohnson327,USER,2022-11-21T12:52:34.496395Z,2023-08-07T01:48:41.200386Z
3332f5aa-dfd9-400b-9ae9-56ff9bd435ce,Christopher,Lopez,christopherlopez58@example.com,christopherlopez58,SELLER,2023-09-04T10:17:07.838171Z,2024-03-10T13:56:25.779414Z
41f8378d-4acf-465b-b09b-af88f79b5a92,Donald,Gonzalez,donaldgonzalez201@example.com,donaldgonzalez201,USER,2022-10-13T22:31:23.969209Z,2024-03-27T08:51:05.762400Z
2c4e37e9-d1bf-4497-b547-275d0b2df2b5,Karen,Williams,karenwilliams852@example.com,karenwilliams852,USER,2021-01-04T17:18:20.107581Z,2021-06-16T10:42:18.321384Z
764efbe5-0fc9-45ba-a046-f7c7042d6b31,Donald,Martin,donaldmartin180@example.com,donaldmartin180,USER,2023-11-13T14:22:28.044412Z,2024-11-19T11:39:27.287892Z
60b22d76-ec91-4dcb-863e-e0e2400726b1,Emma,Williams,emmawilliams425@example.com,emmawilliams425,USER,2022-01-14T16:51:47.712413Z,2022-12-07T00:09:54.637086Z
6d280020-c0df-48fa-a880-778fc912386d,Donald,Johnson,donaldjohnson251@example.com,donaldjohnson251,USER,2024-05-13T20:23:23.401451Z,2024-10-05T01:38:09.712048Z
6071c7b0-1469-4385-82f6-33592cdc1285,Donald,Lopez,donaldlopez791@example.com,donaldlopez791,USER,2020-06-06T18:08:33.384774Z,2022-08-30T10:41:17.261736Z
58036afb-92d9-49ae-aa7c-eb8439f8abc5,Anna,Smith,annasmith521@example.com,annasmith521,USER,2022-11-26T12:58:35.123481Z,2023-08-21T08:45:28.224993Z
96284808-e74c-4dc9-a775-69fc91331e3e,Christopher,Thompson,christopherthompson512@example.com,christopherthompson512,SELLER,2021-02-13T03:08:54.077649Z,2023-08-27T05:57:45.466732Z
394443c6-ec5d-4b6b-9279-dbfb519edafb,Lisa,Perez,lisaperez337@example.com,lisaperez337,SELLER,2023-09-29T11:45:04.576713Z,2024-07-02T09:57:19.892717Z
3351d327-808d-4996-ac27-cc6845d81e50,William,Thompson,williamthompson727@example.com,williamthompson727,USER,2023-07-30T05:50:23.533469Z,2024-03-15T03:12:50.145622Z
cd4ec50e-68cf-42df-9c4d-c1c93f186a05,Patricia,Thomas,patriciathomas577@example.com,patriciathomas577,USER,2023-03-18T11:29:51.578443Z,2023-07-28T19:56:05.068941Z
37164570-03a8-42f2-845d-c40de787b7d0,Elizabeth,Gonzalez,elizabethgonzalez746@example.com,elizabethgonzalez746,ADMIN,2022-09-07T16:26:49.429322Z,2024-12-28T18:04:08.332427Z
caba0dcd-16e4-4725-96b6-df23d5e0396d,David,Anderson,davidanderson539@example.com,davidanderson539,USER,2021-12-06T04:56:53.818164Z,2022-12-13T04:27:32.954951Z
2571a6bf-09fa-4afe-a550-7b68cc7e3f14,Emma,Brown,emmabrown321@example.com,emmabrown321,USER,2020-12-03T05:20:59.743788Z,2022-03-09T11:33:57.297846Z
e934e15c-eb1c-43fd-a874-b6d8f6450911,Lisa,Rodriguez,lisarodriguez989@example.com,lisarodriguez989,USER,2023-02-02T08:08:40.317534Z,2024-10-23T17:05:32.672124Z
bd52ef96-a523-4636-a0c9-4a10ff6550e0,William,Jackson,williamjackson167@example.com,williamjackson167,SELLER,2020-12-16T21:39:46.945816Z,2024-05-08T10:53:59.590996Z
aac807b1-1758-4255-a4ca-eee677710b4d,Michael,Smith,michaelsmith981@example.com,michaelsmith981,USER,2023-08-06T18:16:41.221048Z,2024-10-05T19:40:01.522230Z
67e682e8-d049-472b-a7f1-b626baf3a037,Kenneth,Martinez,kennethmartinez319@example.com,kennethmartinez319,USER,2022-09-16T07:51:51.718264Z,2023-11-05T09:29:04.722063Z
db9fb934-914b-45f3-956c-befac6258bff,Emma,Garcia,emmagarcia505@example.com,emmagarcia505,USER,2022-08-09T06:21:38.150647Z,2023-06-25T22:20:46.902590Z
6bc1fe5a-9eac-4342-b1d2-587c1e8d4bc9,Matthew,Gonzalez,matthewgonzalez389@example.com,matthewgonzalez389,USER,2022-11-20T17:06:20.253480Z,2024-03-11T03:17:28.259961Z
491f4c9c-d05e-4cfb-a6b7-7448f6f160d8,Maria,Brown,mariabrown978@example.com,mariabrown978,USER,2022-02-25T19:26:15.907340Z,2023-01-18T10:59:36.756157Z
8452fcfe-b0b4-45fe-9b0a-1aebf9e05a23,Daniel,Miller,danielmiller520@example.com,danielmiller520,USER,2022-11-20T14:31:56.323528Z,2024-04-12T00:05:25.529996Z
54c4e893-8131-4104-830c-623d40e4a1ac,Betty,Davis,bettydavis371@example.com,bettydavis371,USER,2020-04-09T01:18:31.626543Z,2023-12-09T21:30:18.562761Z
87908184-ade3-4ab0-a106-4f07ecddcaa1,John,Brown,johnbrown913@example.com,johnbrown913,USER,2021-06-25T23:23:48.422842Z,2023-07-14T01:25:03.597983Z
1bf41b18-8115-4271-8dbf-a6c91853d50e,Donna,Miller,donnamiller305@example.com,donnamiller305,USER,2020-05-30T12:32:28.801535Z,2023-06-30T08:52:39.713449Z
3124406c-35cc-405e-91d0-808f937e0d3e,Anna,Jones,annajones413@example.com,annajones413,SELLER,2022-02-03T10:35:23.791638Z,2022-11-25T06:38:32.420884Z
c6f2bf97-ca6e-4b55-b352-f3cffff8648c,Andrew,Johnson,andrewjohnson150@example.com,andrewjohnson150,USER,2024-01-01T10:51:30.544559Z,2024-08-21T04:38:57.540546Z
53df24b7-d85b-4796-9371-e99886876f0d,Robert,Hernandez,roberthernandez336@example.com,roberthernandez336,SELLER,2020-11-28T12:39:47.883532Z,2022-08-02T18:21:32.868524Z
09998730-99df-4396-b6a0-39f2c27ab3f4,Andrew,Moore,andrewmoore586@example.com,andrewmoore586,USER,2021-09-05T15:52:01.386251Z,2023-07-15T21:07:26.612056Z
32c9caa3-18ad-44c5-acd0-c2ec87dadd1c,Elizabeth,White,elizabethwhite654@example.com,elizabethwhite654,SELLER,2020-02-24T19:30:16.687436Z,2024-07-15T18:36:14.756442Z
485b345b-c1dc-46b2-9213-4ab5431d0668,Emma,Jackson,emmajackson546@example.com,emmajackson546,USER,2023-07-12T23:39:49.882027Z,2024-08-04T04:52:43.253961Z
d95de9ed-4ca5-4e53-a139-35a02afdb784,Michael,Jackson,michaeljackson122@example.com,michaeljackson122,SELLER,2021-01-25T00:28:20.439122Z,2021-12-01T13:44:13.430311Z
665a16f0-c64d-4806-8f5c-9f56a0ee2938,Andrew,Harris,andrewharris492@example.com,andrewharris492,USER,2024-02-15T23:03:45.144789Z,2024-11-06T06:35:20.694395Z
dd830522-495d-49a1-a64d-ab9d3271db58,Steven,Taylor,steventaylor989@example.com,steventaylor989,USER,2020-12-20T14:58:34.358955Z,2024-01-12T11:43:49.909801Z
80e0ffbd-b2af-4948-aa50-ed1672225e35,Charles,Martin,charlesmartin990@example.com,charlesmartin990,USER,2021-05-19T08:35:19.235790Z,2023-01-18T09:45:13.723769Z
0f996f15-aff9-4167-a68a-f18f54f2bbac,Helen,Hernandez,helenhernandez583@example.com,helenhernandez583,USER,2024-06-16T23:17:18.127794Z,2024-11-09T21:34:24.939272Z
7c032e66-c9d1-48c2-b6be-4381c9ebfca0,Nancy,Lopez,nancylopez833@example.com,nancylopez833,SELLER,2020-10-26T09:02:18.748831Z,2021-04-05T11:59:28.687836Z
b6e5ca90-a6c8-4ba2-9142-70bcaffdf891,Charles,White,charleswhite216@example.com,charleswhite216,USER,2024-08-22T17:17:59.589318Z,2024-10-30T04:06:39.776880Z
ed07a4b7-cd62-4c94-8bdb-6568557b98a6,Patricia,Davis,patriciadavis936@example.com,patriciadavis936,USER,2022-12-23T07:40:14.055040Z,2023-04-04T13:21:45.495351Z
37055a2e-8ef1-474b-a69b-6e857347d87e,James,Perez,jamesperez15@example.com,jamesperez15,USER,2023-02-01T05:26:41.980452Z,2024-06-02T15:41:12.792630Z
d926d4f1-7cea-467c-9358-64a14a3b3703,Christopher,Hernandez,christopherhernandez70@example.com,christopherhernandez70,USER,2024-04-23T02:41:36.243500Z,2024-09-06T23:46:54.982169Z
98e0b481-7c2f-40db-9698-a7ce39009ef7,Michael,Garcia,michaelgarcia867@example.com,michaelgarcia867,USER,2020-12-26T01:53:25.826236Z,2023-10-06T05:59:47.914663Z
cdb7e9e5-d227-4f43-b8ec-790d09df8660,Christopher,Johnson,christopherjohnson591@example.com,christopherjohnson591,USER,2023-05-19T03:59:21.298384Z,2024-08-26T20:34:33.517904Z
cd8d7315-1306-4e24-ad62-3cb0d46b2aa8,Robert,Taylor,roberttaylor207@example.com,roberttaylor207,USER,2024-07-14T03:21:10.766634Z,2024-11-08T20:16:45.195243Z
7f0972eb-52c5-462b-a855-c7bd54876143,John,White,johnwhite312@example.com,johnwhite312,USER,2023-03-08T21:48:12.184019Z,2024-11-22T20:57:25.867161Z
30a92d21-f428-4447-a604-a61b3e5d3f17,Karen,Taylor,karentaylor420@example.com,karentaylor420,USER,2023-10-02T03:11:08.500646Z,2024-03-15T07:00:16.402206Z
37d2c708-0e58-4c02-838d-8a52ed233316,Patricia,Anderson,patriciaanderson986@example.com,patriciaanderson986,USER,2021-11-06T09:37:46.600705Z,2021-11-29T08:41:23.726420Z
52850396-72ff-4cb7-aa6e-2fb689edcd83,Patricia,Johnson,patriciajohnson486@example.com,patriciajohnson486,USER,2021-09-20T05:25:43.526930Z,2023-06-18T22:07:40.960632Z
6313e835-cb95-4e5e-9093-b60609cf1f13,Christopher,Lopez,christopherlopez234@example.com,christopherlopez234,USER,2020-09-30T15:09:29.784056Z,2024-02-22T11:26:44.575914Z
57e79685-dc11-482f-a8c3-e1900ba926d2,Steven,Harris,stevenharris690@example.com,stevenharris690,USER,2024-08-17T06:48:15.713390Z,2024-09-06T16:28:33.737952Z
a5868675-48ac-4741-9718-f349320d9f76,Jessica,Williams,jessicawilliams124@example.com,jessicawilliams124,SELLER,2020-05-06T17:57:32.211976Z,2023-07-22T17:09:10.344056Z
e50431f7-12b9-4a54-80ec-5f8a6a03c22f,Sandra,Anderson,sandraanderson220@example.com,sandraanderson220,USER,2024-01-08T18:31:05.942553Z,2024-09-25T14:51:03.475458Z
57f5b865-1e97-4a2e-a5d0-6e08af75ad98,Robert,Taylor,roberttaylor587@example.com,roberttaylor587,USER,2020-04-28T17:29:43.846112Z,2022-01-19T23:01:25.266817Z
96cbd1e3-e407-422e-9730-ee75a2294902,John,White,johnwhite84@example.com,johnwhite84,USER,2020-04-02T13:22:44.066857Z,2023-04-15T01:59:57.072371Z
3d26c370-1682-488c-ab7c-833c2768bbd6,Steven,Johnson,stevenjohnson194@example.com,stevenjohnson194,USER,2024-04-23T04:49:41.764715Z,2024-10-05T13:23:57.401058Z
6a802c6a-2c1b-4c6f-8d98-e5b91df26881,Donald,Gonzalez,donaldgonzalez709@example.com,donaldgonzalez709,USER,2023-09-17T17:08:41.902075Z,2024-03-13T03:11:34.412151Z
359bec97-089b-44ee-9463-688130c9ac72,Sandra,Jones,sandrajones238@example.com,sandrajones238,USER,2024-09-05T00:48:01.312856Z,2024-11-03T21:46:34.444730Z
2db0e1e1-227d-426f-820f-04e1902445c8,Kenneth,Gonzalez,kennethgonzalez263@example.com,kennethgonzalez263,SELLER,2022-08-01T11:09:17.197636Z,2024-08-12T03:02:51.692267Z
b6957644-eaf8-490a-ba34-14eaa1bdc522,Mark,Martin,markmartin914@example.com,markmartin914,USER,2020-02-02T07:13:04.105797Z,2023-06-02T01:28:38.704667Z
d7d9e5fe-3495-4bde-b1e1-ee707fea7fbb,Emma,Davis,emmadavis421@example.com,emmadavis421,USER,2022-06-17T07:34:13.791030Z,2024-11-17T01:08:32.303314Z
99ad04d3-63a2-4c4f-a8f6-3fcf610bb70d,Thomas,White,thomaswhite601@example.com,thomaswhite601,USER,2023-05-09T21:52:20.248411Z,2024-03-13T04:42:33.231780Z
ea710676-95fc-468d-ad70-da9dc098eae5,Mark,Martinez,markmartinez580@example.com,markmartinez580,USER,2023-04-26T23:58:11.656401Z,2024-07-06T17:31:03.361145Z
a24a2319-f51e-4e24-a6a3-e089646464b4,Anthony,Taylor,anthonytaylor436@example.com,anthonytaylor436,USER,2022-04-16T04:19:24.192811Z,2024-05-27T17:30:15.890598Z
ed374d05-cdc4-48e6-ae3d-44676852f9ed,Thomas,Martinez,thomasmartinez157@example.com,thomasmartinez157,SELLER,2024-07-08T14:58:03.589704Z,2024-10-21T13:35:33.140606Z
70a24a2b-b48a-4278-849b-a974f17e4e0e,Anthony,Davis,anthonydavis348@example.com,anthonydavis348,USER,2023-08-17T02:59:28.888283Z,2024-02-22T02:34:46.869695Z
b1fca6b9-9085-4cbd-9a81-c39616b7b619,Richard,Johnson,richardjohnson699@example.com,richardjohnson699,USER,2023-05-23T19:02:55.076319Z,2023-12-01T18:46:42.585997Z
c668e42e-1089-4ba9-a2ad-357bbc5a8433,Linda,Thomas,lindathomas938@example.com,lindathomas938,USER,2021-11-12T09:58:00.222096Z,2022-12-06T23:07:47.790973Z
c3fcb921-9657-4dac-aa9c-7eafd981ce88,Steven,Davis,stevendavis730@example.com,stevendavis730,USER,2021-02-22T12:58:15.578897Z,2022-12-12T09:24:29.559572Z
d39366dd-5ac2-458f-aedb-4125519f1b37,Matthew,Martinez,matthewmartinez535@example.com,matthewmartinez535,USER,2022-10-15T14:06:51.757505Z,2024-02-07T10:58:13.388712Z
9713a3e2-0dd2-4b9e-bb60-b12ae7c76898,Daniel,Wilson,danielwilson894@example.com,danielwilson894,USER,2021-03-29T23:09:01.273441Z,2024-05-05T18:37:46.437862Z
4361601a-9d15-438c-9fbe-871908c03ec0,Christopher,Jones,christopherjones245@example.com,christopherjones245,USER,2022-02-16T18:53:15.523555Z,2024-01-08T08:48:52.512356Z
45296069-6182-4f3c-a638-534345b687a8,Helen,Anderson,helenanderson824@example.com,helenanderson824,USER,2021-12-22T05:08:46.573095Z,2024-09-17T05:58:56.568471Z
e7457863-9e8f-42ef-b20f-2f7ce96ed2d2,Emma,Taylor,emmataylor877@example.com,emmataylor877,USER,2020-06-01T21:03:48.006693Z,2022-09-23T04:53:40.242675Z
a635fb98-d21e-4c61-b9f8-de3a6fe08232,David,Thompson,davidthompson233@example.com,davidthompson233,USER,2022-11-01T14:23:03.647847Z,2024-08-15T21:59:39.957089Z
9b6e1970-50ba-46a2-94b4-419618ea6bf4,Steven,Perez,stevenperez16@example.com,stevenperez16,USER,2022-12-25T17:26:00.017538Z,2024-06-19T23:17:34.300614Z
353ca163-dcda-453c-bc5a-9f4e04668cce,Sarah,Taylor,sarahtaylor700@example.com,sarahtaylor700,SELLER,2022-05-31T05:06:58.100992Z,2023-11-18T04:15:12.649887Z
6932fe68-6a9b-4b1b-8f18-fdf24d574a18,Sandra,Rodriguez,sandrarodriguez283@example.com,sandrarodriguez283,SELLER,2024-06-16T12:05:23.425750Z,2024-10-11T18:15:44.236828Z
783819c0-0cb5-4ea6-8439-352aa76a1938,Elizabeth,Perez,elizabethperez92@example.com,elizabethperez92,SELLER,2023-08-31T20:48:02.098042Z,2024-03-25T12:24:35.499127Z
1cf72901-8aaf-4098-8961-f734f3219e00,Emma,Lee,emmalee185@example.com,emmalee185,USER,2020-06-18T15:54:27.676234Z,2024-11-10T10:36:54.099994Z
1077c2da-cc59-4420-96f7-769c41379b51,Sandra,Johnson,sandrajohnson932@example.com,sandrajohnson932,USER,2023-11-18T18:30:17.048823Z,2023-12-26T21:59:17.942996Z
af9a5a00-db02-40cc-8ccb-ed113eadf2d0,Kenneth,Jackson,kennethjackson193@example.com,kennethjackson193,USER,2021-10-06T00:13:37.151195Z,2023-12-30T02:19:10.591353Z
175b54d5-7333-4247-886b-ab08d40810c0,Patricia,Jackson,patriciajackson408@example.com,patriciajackson408,SELLER,2023-10-18T17:21:24.792313Z,2024-10-30T04:50:44.759340Z
ec5c2f33-b926-4c1d-a7b7-d31a7567617e,Lisa,Taylor,lisataylor364@example.com,lisataylor364,USER,2020-04-19T03:27:14.879414Z,2020-09-21T10:38:49.643684Z
e76bfaf0-b7de-4ac1-b864-03197ae5f227,Nancy,Harris,nancyharris659@example.com,nancyharris659,USER,2021-07-13T14:31:14.373095Z,2024-08-18T12:27:11.712711Z
b6fab17c-d730-4565-ad02-4f0b240474ce,Anthony,Williams,anthonywilliams312@example.com,anthonywilliams312,USER,2024-06-22T07:45:04.086023Z,2024-08-29T04:24:45.821968Z
3728be18-2e01-42e8-bfcc-3cb8ea07acd7,Maria,White,mariawhite379@example.com,mariawhite379,USER,2020-08-06T02:00:19.466339Z,2022-08-13T08:06:08.091537Z
0abd8bf1-2fe9-4df3-9929-6bc6cdb717a7,Jennifer,Wilson,jenniferwilson578@example.com,jenniferwilson578,USER,2022-11-15T13:06:01.093972Z,2023-11-12T17:05:38.627094Z
e09d49fe-cba2-4913-888b-b6b6542c201b,Daniel,Gonzalez,danielgonzalez433@example.com,danielgonzalez433,USER,2022-03-05T02:46:57.586716Z,2023-07-15T18:33:10.718605Z
101d3c75-e4be-4742-b244-7f738b1a3787,Anthony,Garcia,anthonygarcia318@example.com,anthonygarcia318,USER,2021-07-03T15:09:04.175329Z,2023-12-10T08:26:19.507753Z
bbde669d-baca-4ec2-a474-e659b79d5df5,David,Lopez,davidlopez262@example.com,davidlopez262,USER,2024-01-16T20:31:38.646624Z,2024-04-25T14:06:08.319457Z
3035124c-719b-4373-8a2c-d29a77df9c95,John,Gonzalez,johngonzalez645@example.com,johngonzalez645,USER,2022-02-17T10:28:21.451533Z,2022-11-22T09:20:38.993293Z
5a971f98-a852-43af-b2f5-358f739273fc,Richard,Thomas,richardthomas997@example.com,richardthomas997,USER,2022-03-26T10:18:47.728716Z,2024-01-03T15:36:50.254200Z
f4e55946-60ab-4056-bf93-a7b4b21a16c9,Daniel,Gonzalez,danielgonzalez814@example.com,danielgonzalez814,USER,2022-03-15T11:07:59.591240Z,2022-10-05T18:34:11.714827Z
35afbdc0-2ad4-4f75-b2bb-69657936baa6,Donna,Smith,donnasmith482@example.com,donnasmith482,SELLER,2023-12-21T06:28:51.305482Z,2024-12-09T02:52:54.834306Z
2e38ed97-0925-405c-8617-7410b620b011,Mark,Perez,markperez658@example.com,markperez658,USER,2021-09-12T07:16:42.161630Z,2024-01-26T12:04:28.626979Z
9c4d8ce8-18fb-469c-839a-97641f7f6a9c,Steven,Jackson,stevenjackson528@example.com,stevenjackson528,USER,2023-11-17T13:34:02.829130Z,2024-05-19T22:57:51.562986Z
e4c0ae1c-3eda-4100-94f7-e54468ca9467,Lisa,Brown,lisabrown683@example.com,lisabrown683,USER,2023-09-23T11:10:41.642439Z,2023-10-15T18:41:43.678159Z
78df0a19-86e2-4f8f-aeb4-845b19285ab7,Nancy,Harris,nancyharris825@example.com,nancyharris825,USER,2022-05-31T03:00:06.271306Z,2023-01-13T16:47:33.585098Z
191f7d79-01cf-4184-9e1d-637e3d4934cd,Thomas,Anderson,thomasanderson484@example.com,thomasanderson484,USER,2024-04-30T21:37:44.524776Z,2024-06-07T11:01:30.109627Z
f9679338-b091-4d52-9777-ead685f6ff97,Christopher,Wilson,christopherwilson97@example.com,christopherwilson97,SELLER,2020-08-25T23:09:22.327040Z,2022-07-28T14:50:13.546428Z
5dee2ca3-cd6d-4bf1-a790-74c06ea213d9,Steven,Lopez,stevenlopez458@example.com,stevenlopez458,USER,2024-01-18T22:28:20.070437Z,2024-06-19T01:51:45.120675Z
fd17ca51-5af1-4fd3-a6d9-99c6455dd4d9,Sarah,Hernandez,sarahhernandez703@example.com,sarahhernandez703,USER,2024-06-26T05:59:47.255761Z,2024-11-05T05:35:10.347067Z
5fcee1c4-cf73-4d9c-a46d-51e09d8f84e8,Donna,Wilson,donnawilson247@example.com,donnawilson247,SELLER,2024-06-21T12:40:11.195440Z,2024-12-01T21:27:25.030610Z
068921c2-740c-40a0-8cec-c792b3c1fcde,Richard,Anderson,richardanderson408@example.com,richardanderson408,USER,2020-01-10T22:13:13.291865Z,2024-03-29T22:51:50.065602Z
748f8b94-21f6-480a-879f-3e71c1a0bbc5,James,Moore,jamesmoore343@example.com,jamesmoore343,USER,2021-02-07T14:07:16.703281Z,2023-11-06T16:40:20.625969Z
915dd865-f334-4f00-a622-ef809b73a212,Anthony,Martin,anthonymartin126@example.com,anthonymartin126,USER,2021-12-13T11:54:29.647351Z,2022-12-01T21:45:51.311893Z
b1270b50-ad7b-4ed6-9a75-e5d6e255f36f,Lisa,Perez,lisaperez130@example.com,lisaperez130,USER,2021-05-03T09:07:11.391439Z,2022-02-16T16:24:26.625397Z
29adbed3-4e1c-4457-a5e8-a9734678e013,Robert,Jackson,robertjackson200@example.com,robertjackson200,USER,2022-09-23T20:34:44.963810Z,2024-07-14T05:35:10.513426Z
62e5606f-6d0c-453b-95af-b116b4c2fe85,Christopher,Jones,christopherjones872@example.com,christopherjones872,USER,2022-07-12T19:03:55.376479Z,2022-07-21T15:08:12.854815Z
0b93a2e5-70f3-48a3-8675-0802e8403b33,Anthony,Moore,anthonymoore516@example.com,anthonymoore516,USER,2022-04-17T21:31:26.744638Z,2024-08-24T14:31:10.086686Z
829803c6-c911-4b04-b0dd-c430df900fc6,Sarah,Harris,sarahharris43@example.com,sarahharris43,USER,2021-07-16T07:34:18.176379Z,2024-02-07T18:47:49.803124Z
4418c6a7-1b69-4e88-aac1-75affbcafb88,Helen,Moore,helenmoore596@example.com,helenmoore596,USER,2020-08-21T08:49:34.863274Z,2022-09-11T17:52:48.043631Z
bf4f5e8e-9014-492b-b0a3-75fc6ccceacc,Donald,Moore,donaldmoore445@example.com,donaldmoore445,USER,2020-07-28T23:53:41.787842Z,2021-12-16T09:55:02.471578Z
d6f1cce2-087a-46b9-963f-6065ceb3d9ef,Charles,Lopez,charleslopez99@example.com,charleslopez99,SELLER,2022-06-18T03:49:51.248455Z,2023-01-18T23:37:44.367663Z
c4ab279a-f116-4491-ac93-a03e08e72af9,Karen,Garcia,karengarcia813@example.com,karengarcia813,USER,2021-02-27T06:51:03.597766Z,2023-02-15T17:17:38.564939Z
90d5a2a9-8eba-4bbb-bc57-d1a8ebbc3972,William,Hernandez,williamhernandez309@example.com,williamhernandez309,SELLER,2021-08-15T18:17:54.539403Z,2022-02-26T04:48:50.431589Z
5ae10fde-f8f6-439f-861f-772e7b5c7312,Emma,Rodriguez,emmarodriguez139@example.com,emmarodriguez139,SELLER,2023-12-07T04:15:09.745951Z,2024-05-19T07:48:53.709083Z
607c4a32-93f0-4c3a-b024-882fda4aaaed,Nancy,Thomas,nancythomas657@example.com,nancythomas657,USER,2021-07-04T20:26:24.473947Z,2021-12-05T20:50:56.806233Z
9422869f-1f6f-4b65-aacd-a8e7cbd7db00,Lisa,Gonzalez,lisagonzalez294@example.com,lisagonzalez294,USER,2023-11-23T11:29:31.343187Z,2024-09-15T00:55:49.888319Z
505ba820-a06f-4bb9-b5ef-b704cf600086,Lisa,White,lisawhite660@example.com,lisawhite660,SELLER,2023-09-22T22:22:54.066407Z,2024-11-02T17:25:13.450513Z
bebb8d29-cbb8-4b5c-9622-21f44aeea90f,Linda,Thomas,lindathomas858@example.com,lindathomas858,USER,2021-08-03T10:35:36.136937Z,2024-10-05T15:50:21.937589Z
a12e6b90-3979-41ec-bbc8-128016d1088a,Emma,Johnson,emmajohnson812@example.com,emmajohnson812,USER,2024-09-09T14:01:07.974581Z,2024-12-27T05:28:29.000708Z
4f1be339-714b-48e0-be48-1ff435aa0694,Karen,Miller,karenmiller941@example.com,karenmiller941,ADMIN,2020-09-27T20:19:10.916899Z,2022-04-11T02:41:23.262552Z
e2a9cf5f-fbeb-4a1c-b37f-eb49dd7ed290,Lisa,Lopez,lisalopez674@example.com,lisalopez674,USER,2020-12-04T01:25:40.320349Z,2024-12-29T22:48:14.450081Z
af9fa109-fd8f-4f07-b159-a2f7fe1fb3b7,Lisa,Thompson,lisathompson228@example.com,lisathompson228,USER,2022-09-03T02:08:37.237178Z,2024-02-16T21:28:00.008454Z
93dcc2df-17eb-4821-880d-bcdb41dd0854,Susan,Brown,susanbrown442@example.com,susanbrown442,ADMIN,2023-11-22T04:30:04.240068Z,2024-06-05T02:46:51.107402Z
0f841b02-ff84-459a-bfd0-4dd2efb8f4a6,James,Hernandez,jameshernandez316@example.com,jameshernandez316,USER,2020-10-07T12:49:52.789743Z,2021-07-06T20:43:09.071734Z
cb8f0488-b932-4770-b0f8-97cc22574bff,Sandra,Jackson,sandrajackson675@example.com,sandrajackson675,USER,2020-12-02T14:22:46.223404Z,2024-06-10T23:09:58.431709Z
7d6801fc-1265-4b36-89ff-77c4ae06cce9,Donald,Miller,donaldmiller112@example.com,donaldmiller112,USER,2020-10-13T03:37:46.402686Z,2022-10-02T13:20:50.146622Z
f7edef60-ba8b-474b-9296-16765dafcefe,Patricia,Rodriguez,patriciarodriguez264@example.com,patriciarodriguez264,USER,2023-02-07T19:38:46.637107Z,2023-11-25T22:01:54.888217Z
795ac722-506d-49d9-b9df-eab043cb0535,Elizabeth,Miller,elizabethmiller531@example.com,elizabethmiller531,USER,2021-01-21T23:25:18.677558Z,2021-05-12T07:31:24.118220Z
3b9bfe23-674e-4287-a736-ea74883af3ae,Patricia,Thomas,patriciathomas82@example.com,patriciathomas82,USER,2022-12-17T00:23:59.331845Z,2023-05-01T12:55:53.595990Z
4d94e458-574b-4e7d-a380-3ae23365cecb,Mark,Lopez,marklopez186@example.com,marklopez186,USER,2024-04-11T15:49:04.017500Z,2024-05-15T00:16:13.041761Z
f4d19122-bdcf-4bd5-bc2f-b93b079ee0b3,Emma,Gonzalez,emmagonzalez653@example.com,emmagonzalez653,USER,2023-12-30T16:49:26.444150Z,2024-12-23T12:05:40.562628Z
f3a58ac3-8aac-42d1-b91c-2cf21613b179,Kenneth,Martin,kennethmartin95@example.com,kennethmartin95,USER,2021-09-26T02:32:58.213068Z,2022-08-10T17:20:25.614923Z
2cf89dc4-c145-4ce0-8425-010cb24cd911,David,Martinez,davidmartinez757@example.com,davidmartinez757,USER,2024-09-29T07:03:15.090400Z,2024-11-23T03:29:39.638407Z
f8a8a5c5-8923-4ebb-9e79-a38f5697c0ba,Emma,Martinez,emmamartinez683@example.com,emmamartinez683,USER,2024-02-25T05:07:00.742287Z,2024-05-05T22:00:10.520526Z
73b658c6-dc9b-40c1-b00f-2894a8698d81,Matthew,Taylor,matthewtaylor852@example.com,matthewtaylor852,USER,2024-01-16T08:10:23.133096Z,2024-06-01T23:56:07.808903Z
716f3320-1e0f-402a-9171-8dabc3dc7d34,Sarah,Hernandez,sarahhernandez288@example.com,sarahhernandez288,SELLER,2022-12-08T02:16:45.604663Z,2024-09-10T02:31:29.535593Z
d7d4c686-de3b-4cc4-b14c-289ab60ff517,Jessica,Johnson,jessicajohnson590@example.com,jessicajohnson590,USER,2020-12-07T11:10:16.810894Z,2021-07-05T18:43:46.120936Z
d80078f4-0b04-4ca5-a269-77e5f5eba8e6,Thomas,White,thomaswhite55@example.com,thomaswhite55,USER,2020-01-26T07:02:30.381657Z,2022-03-20T04:11:59.899138Z
c3287722-665e-4f08-8fc2-599c07ad58a5,Michael,Moore,michaelmoore741@example.com,michaelmoore741,SELLER,2024-02-25T20:26:14.337433Z,2024-07-01T13:58:46.335476Z
29b62cd7-ee85-4dff-aff5-de18589aa7ff,Barbara,Williams,barbarawilliams132@example.com,barbarawilliams132,USER,2022-10-25T21:57:03.188056Z,2023-06-10T16:02:25.072274Z
953a368e-10fd-45c9-abb9-2c7aac2a5a68,Betty,Martinez,bettymartinez328@example.com,bettymartinez328,USER,2021-11-01T02:35:29.008356Z,2023-11-26T06:18:36.822615Z
06a4e85b-1c64-4650-9ce7-ecf4cc1b4077,Elizabeth,White,elizabethwhite485@example.com,elizabethwhite485,USER,2022-01-24T18:31:49.813575Z,2023-02-28T23:57:34.797423Z
46a816a4-469d-4ef7-a23c-1c34f2c04f61,Patricia,Jones,patriciajones429@example.com,patriciajones429,USER,2020-02-18T07:34:22.666833Z,2024-11-02T22:56:00.997185Z
5e669091-6cce-4fa1-9299-3a8317dc8038,Susan,Smith,susansmith395@example.com,susansmith395,USER,2024-02-20T23:19:06.215161Z,2024-11-17T07:26:31.062804Z
bdb84e06-f650-484a-8a26-ab764650b779,Maria,Thompson,mariathompson54@example.com,mariathompson54,USER,2021-04-19T16:26:44.939081Z,2023-05-21T14:47:05.608982Z
521291b9-66c6-4e1f-972c-8c620bbbf598,James,Taylor,jamestaylor849@example.com,jamestaylor849,USER,2022-03-18T02:37:36.065308Z,2023-06-06T21:08:15.305844Z
5fa02a98-5288-413e-b81f-498d87c6fb15,Charles,Hernandez,charleshernandez412@example.com,charleshernandez412,SELLER,2023-12-06T23:20:20.474751Z,2024-04-23T07:04:12.142723Z
1327d2a8-2cf0-4539-9a80-4d30b1f59ede,James,Jones,jamesjones470@example.com,jamesjones470,USER,2022-08-12T10:26:07.561957Z,2023-08-13T06:28:19.485854Z
f0bdfaaa-bf6c-4200-a0a2-3308523e6347,Charles,Brown,charlesbrown836@example.com,charlesbrown836,USER,2023-11-06T09:52:45.730729Z,2024-09-09T01:13:53.898182Z
c4b8c8f7-e041-4ec0-a652-94fd7ecacc8d,Daniel,Jones,danieljones264@example.com,danieljones264,USER,2021-12-29T12:32:03.710078Z,2023-09-02T08:52:11.032591Z
52bc4875-a6da-4a48-a745-3044ab82dec0,Nancy,Anderson,nancyanderson573@example.com,nancyanderson573,USER,2021-05-26T03:29:06.842946Z,2022-03-08T03:00:03.870708Z
1b6c65a0-4d4e-4502-81c3-7252da8a9d59,Thomas,Jones,thomasjones420@example.com,thomasjones420,USER,2022-02-01T21:40:41.088121Z,2023-07-16T02:01:04.207356Z
6123b3eb-f138-44b9-a8ee-5dd7d23b3b1d,Donald,Jones,donaldjones877@example.com,donaldjones877,USER,2024-08-25T10:07:02.988052Z,2024-10-23T01:10:59.601761Z
2d45b891-8dae-4f5d-9988-d509939fecfd,Karen,White,karenwhite40@example.com,karenwhite40,USER,2022-02-22T21:27:11.371136Z,2023-05-07T05:17:17.467676Z
f9e30605-b790-4137-9d58-05c55d55691f,Maria,Johnson,mariajohnson641@example.com,mariajohnson641,USER,2021-05-18T20:18:31.432005Z,2024-06-18T15:03:05.293366Z
293d6e85-a740-473a-abfd-adcb30fd71b5,Anthony,Jones,anthonyjones668@example.com,anthonyjones668,USER,2024-06-20T16:15:40.841134Z,2024-11-06T00:24:50.748023Z
1efa2876-1cb6-4985-bf3f-ee64d39fa08e,Matthew,Thomas,matthewthomas506@example.com,matthewthomas506,USER,2021-12-05T18:32:20.407247Z,2023-06-11T05:01:20.626121Z
3a1760d7-5720-4046-89e2-c2c000d83bb3,Thomas,Smith,thomassmith807@example.com,thomassmith807,SELLER,2021-07-29T01:51:30.555149Z,2023-07-31T18:14:10.104998Z
fe599565-02a9-4df1-8816-4fab14fe64c5,Patricia,Perez,patriciaperez556@example.com,patriciaperez556,USER,2024-07-29T23:03:48.993842Z,2024-09-23T18:54:51.407290Z
1056dac5-8006-4434-a104-635500addf87,Matthew,Garcia,matthewgarcia616@example.com,matthewgarcia616,USER,2021-10-13T23:44:22.958377Z,2021-12-09T22:44:22.993587Z
4378865c-208b-45ce-870a-5cdf750a2101,Maria,Jackson,mariajackson866@example.com,mariajackson866,SELLER,2024-07-17T15:34:19.184084Z,2024-11-19T01:05:03.243923Z
69314948-f188-439d-8932-9c42b2c6401f,Thomas,Smith,thomassmith10@example.com,thomassmith10,USER,2021-11-10T19:12:51.136828Z,2023-10-08T22:11:58.841403Z
d1e79352-c102-432b-bb12-bb78573b0eee,Daniel,Johnson,danieljohnson610@example.com,danieljohnson610,USER,2023-12-14T04:49:07.887599Z,2024-09-08T11:04:23.738761Z
a0b89912-eb12-4508-93eb-c145bcb5cd8c,Nancy,Jackson,nancyjackson319@example.com,nancyjackson319,USER,2021-10-22T04:10:46.994777Z,2024-04-03T20:31:41.332695Z
25359bf9-df81-4dbf-ac9b-9e7291892058,Jennifer,Thompson,jenniferthompson720@example.com,jenniferthompson720,SELLER,2023-06-10T11:14:42.617558Z,2023-12-06T12:19:46.721942Z
155f0b20-9d0a-4ef4-9a7d-6600cfe0fba9,Christopher,Jones,christopherjones11@example.com,christopherjones11,USER,2023-12-08T18:25:54.808274Z,2024-09-23T01:11:38.333674Z
50154ee8-40e2-43af-a64c-7eee045f0204,Thomas,Lee,thomaslee969@example.com,thomaslee969,USER,2022-10-13T04:21:47.081586Z,2023-06-13T11:20:10.667090Z
bea84f61-7fa8-47a1-831f-ab0b48b20615,Lisa,Thompson,lisathompson756@example.com,lisathompson756,USER,2021-11-18T14:00:16.219869Z,2023-04-13T22:04:22.269125Z
b0ae1e0c-e73f-4a39-a42c-e3c9d4090c25,James,White,jameswhite405@example.com,jameswhite405,USER,2022-06-16T23:26:10.927519Z,2023-08-13T15:56:24.368292Z
21ea11b1-e69f-4b68-a608-815f813ba9f9,Kenneth,Gonzalez,kennethgonzalez500@example.com,kennethgonzalez500,USER,2024-06-03T18:41:48.720539Z,2024-07-30T05:28:04.838016Z
f2ce95d4-a1de-4b6c-b290-6377eed9b4e8,Michael,Martinez,michaelmartinez277@example.com,michaelmartinez277,USER,2020-08-02T02:21:10.931063Z,2022-09-09T05:46:04.573619Z
9b69cf6e-2ee2-4acc-a8a4-962dc8fb126f,Lisa,Hernandez,lisahernandez638@example.com,lisahernandez638,USER,2022-09-15T22:01:27.988222Z,2024-07-15T05:38:56.455292Z
477f0c63-46fa-4845-8739-54f3f79775dd,William,Johnson,williamjohnson220@example.com,williamjohnson220,USER,2021-01-24T13:44:35.757111Z,2024-02-04T08:42:18.311847Z
8dde1e86-2578-449c-b828-169a240282b1,Patricia,Brown,patriciabrown595@example.com,patriciabrown595,USER,2023-01-30T15:09:03.378356Z,2023-02-02T13:05:18.863918Z
6ec5912d-5382-47bc-82bc-ecfff1c89ee8,Steven,Miller,stevenmiller221@example.com,stevenmiller221,USER,2020-12-15T20:18:05.496574Z,2021-08-08T09:50:25.493821Z
eae80f33-6c8f-41eb-bed5-799b655e0991,Helen,Perez,helenperez667@example.com,helenperez667,USER,2023-01-19T12:11:23.928506Z,2024-02-13T11:11:28.046784Z
6f8cf136-2e8e-4103-92e3-a755ae2d0632,Charles,Anderson,charlesanderson241@example.com,charlesanderson241,USER,2024-09-10T08:36:03.158471Z,2024-12-15T22:42:06.089870Z
b668f52b-9f9c-43fc-ab88-9e532f14b28f,Matthew,Moore,matthewmoore784@example.com,matthewmoore784,USER,2023-04-22T07:35:03.881639Z,2024-05-22T16:26:34.720442Z
d5124e5c-7f30-418b-84a2-5c4823626f9f,Steven,Jackson,stevenjackson497@example.com,stevenjackson497,SELLER,2021-09-04T02:25:57.895420Z,2021-11-14T16:36:57.541922Z
5efaa8d3-3350-42c4-8b93-9a855c4dfd4e,Maria,Brown,mariabrown469@example.com,mariabrown469,SELLER,2020-12-20T05:13:51.202087Z,2021-09-04T01:27:05.716308Z
4be2eb51-0d81-463c-8576-bcfcda528675,Karen,Miller,karenmiller652@example.com,karenmiller652,ADMIN,2020-10-29T19:16:20.955047Z,2024-11-26T02:05:24.583390Z
c0494049-55db-4335-809e-d6f58c1d6b8a,Nancy,Moore,nancymoore292@example.com,nancymoore292,USER,2022-11-30T14:58:55.012964Z,2024-11-16T19:37:33.819656Z
4119604b-ca8d-441b-b21c-24240140dc25,Mark,Brown,markbrown161@example.com,markbrown161,USER,2023-03-06T18:37:48.985294Z,2023-06-16T03:36:49.105896Z
400458bd-7984-4e66-bea7-7547c7d17490,Christopher,Moore,christophermoore908@example.com,christophermoore908,SELLER,2022-04-21T08:24:41.509172Z,2023-11-27T19:30:02.180564Z
45cce368-3421-4484-bd79-4203cbaf84c9,Barbara,Gonzalez,barbaragonzalez633@example.com,barbaragonzalez633,USER,2023-10-26T22:25:02.415018Z,2024-04-12T22:15:03.781975Z
37f9c37e-6697-4452-a228-e25173744dd4,Steven,Rodriguez,stevenrodriguez30@example.com,stevenrodriguez30,SELLER,2021-11-22T09:19:17.883788Z,2024-08-24T22:43:06.911107Z
ce1ccc2c-f814-47eb-a483-316e81afd0a4,Thomas,Jones,thomasjones771@example.com,thomasjones771,USER,2022-06-26T10:17:46.437017Z,2024-03-06T20:05:12.463173Z
12d29b54-77ce-461a-b89f-3c542355e22e,Linda,Wilson,lindawilson787@example.com,lindawilson787,USER,2022-11-23T11:52:03.540299Z,2023-05-04T02:19:45.531413Z
37f170a2-fd91-4f8d-a8e0-8614241277a5,Nancy,Jones,nancyjones546@example.com,nancyjones546,USER,2023-03-10T00:11:12.917693Z,2023-10-01T01:15:02.478621Z
f1fcc279-4524-4b65-8670-b206d7d0507f,Emma,Lopez,emmalopez290@example.com,emmalopez290,USER,2022-01-24T14:32:25.666275Z,2022-10-04T21:01:15.390559Z
68d39516-b113-4127-a44e-659094df439f,Helen,Martin,helenmartin993@example.com,helenmartin993,USER,2022-08-29T18:35:22.360971Z,2023-02-12T08:47:53.722312Z
b3c432b4-c718-4b7c-af3c-67f40040edfd,Lisa,Martinez,lisamartinez60@example.com,lisamartinez60,USER,2020-11-29T18:49:13.898746Z,2022-02-25T20:14:43.216773Z
91a5e7c5-bb62-45f3-b3f0-5e366e9bb1b1,Barbara,Lee,barbaralee30@example.com,barbaralee30,USER,2024-05-17T21:00:30.955793Z,2024-06-19T20:11:38.839767Z
1ffffa70-10bc-4e67-b191-2bddac2b3775,John,Davis,johndavis834@example.com,johndavis834,USER,2021-09-17T22:45:41.288755Z,2024-02-01T12:54:22.481294Z
9e1833fb-4391-471f-a23b-c4484fa33848,Charles,Miller,charlesmiller703@example.com,charlesmiller703,USER,2022-12-02T19:25:37.107282Z,2022-12-09T16:42:53.880152Z
160daa41-644b-4519-a271-12c31fce2f61,Jessica,Moore,jessicamoore633@example.com,jessicamoore633,USER,2021-08-01T09:43:06.505139Z,2021-12-09T10:17:40.340930Z
679b219c-6628-4215-a7c6-6457d9708bd2,Barbara,Rodriguez,barbararodriguez985@example.com,barbararodriguez985,USER,2023-08-27T09:12:09.542421Z,2024-09-21T07:57:03.844554Z
bc428685-2bb7-4587-94fa-c2e2142b0376,Nancy,Perez,nancyperez153@example.com,nancyperez153,USER,2024-01-17T00:41:31.309963Z,2024-05-28T13:25:24.772519Z
b2114639-6082-4f8c-bce0-a50ee53ac599,Michael,Jackson,michaeljackson595@example.com,michaeljackson595,USER,2024-07-29T06:21:46.748021Z,2024-09-23T21:34:40.823024Z
008ff51c-d588-4e92-bb1b-5bdb496d8b6b,Steven,Perez,stevenperez317@example.com,stevenperez317,USER,2024-09-27T05:53:42.919071Z,2024-12-07T05:18:06.493649Z
54709dd6-908e-434e-83e4-f1da9d0c19f1,Robert,White,robertwhite837@example.com,robertwhite837,USER,2023-02-18T05:43:57.351936Z,2024-12-19T02:14:22.234176Z
3a5c511e-ee60-46f1-832d-77d9cbab8c76,Elizabeth,Wilson,elizabethwilson349@example.com,elizabethwilson349,USER,2022-01-31T08:37:18.486288Z,2022-09-29T15:03:55.665213Z
a8331afb-e7ac-462f-94b1-8ed13bc9720f,David,Thomas,davidthomas522@example.com,davidthomas522,SELLER,2020-09-02T21:24:33.312848Z,2022-12-27T01:55:54.158102Z
174e77c1-a034-4382-85d8-e7f12a4f62ad,Robert,Miller,robertmiller593@example.com,robertmiller593,USER,2022-07-26T04:20:55.750432Z,2023-01-26T02:31:21.661685Z
4c48e6fa-2504-4413-a217-1156fd815796,Jennifer,Hernandez,jenniferhernandez14@example.com,jenniferhernandez14,USER,2022-07-14T08:13:48.811117Z,2023-01-02T18:48:10.513358Z
ee6c641e-9144-4593-bfe7-af1976705484,Lisa,Jones,lisajones658@example.com,lisajones658,USER,2022-05-29T12:27:30.401936Z,2022-06-02T01:34:12.766151Z
64ccb899-5dd6-4100-9ece-c1648b3e1282,Jessica,Smith,jessicasmith785@example.com,jessicasmith785,SELLER,2024-09-02T16:12:01.709621Z,2024-09-02T20:46:15.237256Z
fb50f162-3416-494b-ad96-3ed01191db45,Matthew,Martinez,matthewmartinez402@example.com,matthewmartinez402,USER,2022-10-27T18:19:10.068458Z,2022-12-12T09:18:29.763187Z
6327d24b-bac0-4bae-a91d-a794c24d9ab4,Sandra,Martin,sandramartin454@example.com,sandramartin454,USER,2023-11-07T04:21:57.513989Z,2024-05-08T06:10:58.962808Z
b9050064-bfc8-45f9-b041-922efa02a48e,Nancy,Smith,nancysmith754@example.com,nancysmith754,USER,2020-09-25T06:46:01.618337Z,2023-07-25T05:07:23.745652Z
665db03a-cf76-420e-aae9-f2fd5b232ed2,Michael,Gonzalez,michaelgonzalez271@example.com,michaelgonzalez271,SELLER,2024-04-28T17:39:03.622774Z,2024-05-10T21:06:41.876735Z
d2a6ea47-04be-43d9-8ed8-4dc884a53525,Sarah,Johnson,sarahjohnson436@example.com,sarahjohnson436,USER,2022-06-28T12:07:35.265015Z,2023-10-26T22:09:13.728961Z
a265215b-a0d5-4aea-94b0-23fa2acf14d2,John,Martinez,johnmartinez113@example.com,johnmartinez113,USER,2023-09-18T16:17:39.635053Z,2024-09-10T04:26:53.942273Z
124143b1-90a9-49f8-ad0a-d64eae7dd60c,James,Taylor,jamestaylor130@example.com,jamestaylor130,USER,2021-08-01T03:50:06.521917Z,2022-09-11T19:12:49.275769Z
72fff48f-fb1b-4777-b994-b0b11bc5abea,Sandra,Miller,sandramiller429@example.com,sandramiller429,USER,2021-08-27T05:02:35.520465Z,2022-10-26T22:59:30.346663Z
f4f8274e-f12e-4dab-a364-cf0453be34c8,Patricia,Smith,patriciasmith101@example.com,patriciasmith101,USER,2020-08-14T18:42:31.156389Z,2021-02-14T16:04:46.758724Z
d05fb210-296d-48ed-ad57-251141c77bfd,James,Rodriguez,jamesrodriguez477@example.com,jamesrodriguez477,USER,2021-08-29T08:29:03.104657Z,2022-08-21T01:54:18.377712Z
4bb811c4-fa2a-46f2-b953-36f754e0a8cb,Daniel,Wilson,danielwilson107@example.com,danielwilson107,USER,2024-04-01T01:00:54.145117Z,2024-06-27T10:22:57.458976Z
90731f63-449f-4247-a9d1-e009d2a5d438,Barbara,White,barbarawhite844@example.com,barbarawhite844,USER,2021-12-02T05:07:25.419692Z,2024-06-23T08:53:24.723415Z
0017ffbe-97c4-4b23-99fe-e540bb9898fd,Steven,Wilson,stevenwilson826@example.com,stevenwilson826,USER,2020-12-07T03:08:44.761697Z,2021-04-06T05:06:26.955490Z
41f62ba4-d9e1-4ee0-a775-c04ad03cf8e7,Steven,Jackson,stevenjackson195@example.com,stevenjackson195,USER,2023-06-05T12:49:22.641055Z,2023-07-04T21:56:53.762606Z
72d41252-f9ea-45a2-a331-5b795c564d49,Robert,Thomas,robertthomas125@example.com,robertthomas125,SELLER,2022-04-22T14:02:04.274320Z,2024-02-21T10:00:45.910512Z
f20d2ac6-782e-4989-a332-1872c88cf933,Sandra,Harris,sandraharris751@example.com,sandraharris751,USER,2023-03-03T07:42:55.354733Z,2024-08-15T16:44:44.648270Z
aa273fa4-dc2f-43ce-8791-3d65e697b4b6,James,Wilson,jameswilson264@example.com,jameswilson264,USER,2022-09-13T11:42:43.672561Z,2023-10-12T04:53:52.585466Z
957482b0-942a-4bd3-a467-4454a1864cd0,Emma,Smith,emmasmith170@example.com,emmasmith170,USER,2022-11-01T15:54:31.911648Z,2023-04-19T02:48:31.336208Z
95c156e2-8d1a-4ed2-8522-95c8550c2f12,Patricia,Hernandez,patriciahernandez61@example.com,patriciahernandez61,SELLER,2022-11-04T07:35:41.397030Z,2023-12-21T07:05:29.465765Z
d446e02d-7856-43f2-a678-59c42195a910,Donald,Williams,donaldwilliams467@example.com,donaldwilliams467,SELLER,2021-10-09T03:31:47.685111Z,2021-11-14T03:25:26.037572Z
5d62386b-25e8-4c8a-ac89-a5261d269672,Donna,Moore,donnamoore103@example.com,donnamoore103,USER,2024-06-09T19:39:40.319394Z,2024-10-17T17:13:41.704091Z
b546b31b-b18f-45ee-bf3e-38b60e356fa5,Betty,Hernandez,bettyhernandez65@example.com,bettyhernandez65,USER,2024-07-30T07:54:29.348098Z,2024-12-20T19:38:30.751470Z
5427be0f-aa51-43f4-8ad1-2ce067fcb727,Jessica,Thompson,jessicathompson109@example.com,jessicathompson109,USER,2024-04-04T21:14:00.357938Z,2024-10-02T20:51:18.574295Z
5766259b-3b19-4564-8cb5-b0f215af9148,Sandra,Lopez,sandralopez56@example.com,sandralopez56,USER,2020-12-02T15:08:52.751678Z,2024-12-18T13:06:16.640524Z
a758d3d9-6156-408c-866d-8dd59e0445ef,Richard,Miller,richardmiller882@example.com,richardmiller882,USER,2022-03-15T06:29:52.819378Z,2022-09-26T22:21:06.793928Z
9dd1ea85-ed4f-45a7-b239-d9f58b12b143,Mark,Johnson,markjohnson867@example.com,markjohnson867,SELLER,2023-10-08T18:07:49.935072Z,2024-05-25T14:42:37.528689Z
f7144d80-c997-4fcd-b8c9-d4fab64f0bc0,Robert,Thomas,robertthomas763@example.com,robertthomas763,USER,2020-04-09T17:59:27.879562Z,2023-07-21T15:59:32.819023Z
b25b3209-6f7a-478d-b5f1-2bd4cd740f9d,Jennifer,Thompson,jenniferthompson758@example.com,jenniferthompson758,USER,2024-07-27T04:06:24.689461Z,2024-12-27T19:56:20.528597Z
5ac78f0f-fc26-4d7d-bebd-081997cef9b3,Anthony,Wilson,anthonywilson947@example.com,anthonywilson947,SELLER,2023-11-19T07:17:25.359513Z,2024-04-17T14:51:08.144892Z
1e01df1a-1ed3-4517-a806-8bb494adb7e4,Mark,Martin,markmartin776@example.com,markmartin776,USER,2022-11-15T09:53:44.574416Z,2023-10-02T22:47:59.580472Z
c3a59b0b-c4dc-4ed3-9a69-2ccaf1afc776,Linda,Miller,lindamiller741@example.com,lindamiller741,USER,2021-08-18T21:22:58.705034Z,2022-05-16T22:41:11.528370Z
8440b9c2-8149-4023-88a6-b92895d2633b,Kenneth,Thompson,kenneththompson737@example.com,kenneththompson737,USER,2020-08-24T11:35:30.611116Z,2023-11-05T21:45:26.706995Z
8eaca7f4-2bb1-4da6-84f7-c8b318830aa3,Kenneth,Martinez,kennethmartinez442@example.com,kennethmartinez442,SELLER,2024-07-13T00:33:06.026499Z,2024-10-18T04:03:42.059354Z
a7f6f471-f8ba-4df7-98a9-2e33714f9a37,Richard,Rodriguez,richardrodriguez174@example.com,richardrodriguez174,USER,2021-08-09T21:16:09.880155Z,2021-12-14T22:50:18.213910Z
241b903c-4c57-4541-b2a4-fbfe1f79ab03,Kenneth,Johnson,kennethjohnson473@example.com,kennethjohnson473,USER,2020-07-28T19:55:43.775414Z,2023-09-21T07:47:41.588534Z
cac0448a-824a-4693-bf19-1b324efafe80,Anthony,Davis,anthonydavis825@example.com,anthonydavis825,USER,2024-06-23T22:18:44.696772Z,2024-07-05T12:24:26.826394Z
2329ca74-6581-4d95-a38a-b30cbb7e98d7,Daniel,Moore,danielmoore771@example.com,danielmoore771,USER,2021-05-29T06:39:55.818859Z,2023-11-22T07:58:40.738857Z
5d906b4f-1580-4ddc-a67c-1253a53f2b45,Jessica,Harris,jessicaharris766@example.com,jessicaharris766,USER,2023-05-20T06:49:46.202897Z,2024-03-16T14:11:43.078086Z
4ee46d88-d9c0-4f31-905c-ba5ecdaca130,Jennifer,Garcia,jennifergarcia132@example.com,jennifergarcia132,USER,2022-02-11T01:27:17.583635Z,2023-08-06T04:10:37.887110Z
52a58953-3a16-4184-87f2-80d0addd0d5d,Charles,Smith,charlessmith736@example.com,charlessmith736,USER,2020-11-13T01:09:59.338302Z,2024-03-19T01:49:59.655744Z
29e8217c-1965-473b-903b-b1cf477f7cc2,Elizabeth,Thomas,elizabeththomas573@example.com,elizabeththomas573,USER,2022-01-03T02:50:45.333299Z,2024-12-14T07:11:33.071488Z
d99acb50-eeca-45c6-b04e-8fd0201a8b54,Andrew,Garcia,andrewgarcia559@example.com,andrewgarcia559,USER,2022-04-06T02:22:14.926308Z,2022-11-10T21:21:21.378323Z
8b2e477e-309a-4432-8f86-20cc580e8b4f,Christopher,Miller,christophermiller643@example.com,christophermiller643,SELLER,2022-12-22T15:35:52.788669Z,2024-10-16T00:07:42.362814Z
c18f1f7e-462d-49e3-b775-e22e71098307,Donald,Davis,donalddavis638@example.com,donalddavis638,SELLER,2023-06-26T07:02:43.928681Z,2024-05-19T12:58:50.990891Z
3e60ab67-081d-4d24-87e6-06d1f69b3b56,Anna,Gonzalez,annagonzalez751@example.com,annagonzalez751,USER,2021-08-02T00:58:33.862043Z,2023-09-08T16:51:32.467200Z
45e37fe6-a9a5-4c7f-86cb-55ce4cb0fdab,Helen,Johnson,helenjohnson677@example.com,helenjohnson677,USER,2021-01-29T10:32:05.994272Z,2021-08-13T05:49:34.559106Z
0866257c-857a-428d-8c92-7da5be141e7e,John,Lee,johnlee696@example.com,johnlee696,USER,2023-07-13T06:55:43.444815Z,2023-10-27T06:34:53.736879Z
5004fa29-50c8-4cd4-ba8f-f70426f069c8,Karen,Lee,karenlee83@example.com,karenlee83,SELLER,2024-03-09T21:09:01.481532Z,2024-08-25T01:05:04.056904Z
41e8cb32-c70b-4839-a033-dfc4b50f3a32,Jennifer,Rodriguez,jenniferrodriguez598@example.com,jenniferrodriguez598,USER,2024-08-09T07:58:16.427433Z,2024-11-16T14:40:25.454059Z
3398bad2-9f43-47c5-bae3-f16c96f5422f,Daniel,Smith,danielsmith131@example.com,danielsmith131,USER,2022-12-31T00:41:46.648386Z,2023-03-05T23:37:02.734928Z
a50b1992-8de5-4289-a705-10f7756b1610,David,Lopez,davidlopez118@example.com,davidlopez118,SELLER,2021-08-16T21:19:38.090707Z,2023-03-15T14:24:25.862057Z
bce4cfeb-55da-45cf-ad60-fd9c32cc96f3,Sarah,Thomas,sarahthomas235@example.com,sarahthomas235,USER,2020-10-06T23:25:50.836223Z,2023-10-28T09:40:09.312534Z
b72580ee-bb66-4f1f-9715-a70d641f8a61,Jessica,Smith,jessicasmith578@example.com,jessicasmith578,USER,2020-10-16T03:02:00.600538Z,2024-02-19T12:34:35.992979Z
7b1c0969-070e-4c25-af04-a874ed958806,Lisa,Martinez,lisamartinez769@example.com,lisamartinez769,USER,2024-01-26T11:13:26.949619Z,2024-12-21T16:09:10.192930Z
c754e1df-5783-44b7-983c-49096042ec1d,Thomas,Martin,thomasmartin208@example.com,thomasmartin208,SELLER,2020-08-22T05:42:51.594849Z,2020-12-11T17:29:41.576365Z
e572098f-71d7-4dd7-b46c-8bca3a6b66ba,David,Martinez,davidmartinez266@example.com,davidmartinez266,USER,2020-07-20T06:46:37.510856Z,2022-05-28T11:08:42.687313Z
c14a8e93-aa07-43ec-8d97-db9cae878afd,Patricia,Brown,patriciabrown81@example.com,patriciabrown81,USER,2021-01-31T10:31:28.344295Z,2024-07-16T21:19:44.612546Z
8f634fb1-1bf2-4640-9f50-c028b0a54c0e,Maria,Jackson,mariajackson837@example.com,mariajackson837,USER,2021-10-09T13:10:00.328429Z,2023-02-25T07:45:47.671967Z
6b3f72d8-eea0-4832-b228-f79230c0efaf,Karen,Rodriguez,karenrodriguez147@example.com,karenrodriguez147,SELLER,2023-10-23T23:21:56.503268Z,2024-06-15T14:22:49.320310Z
dfce78e1-2aa7-4738-a6a2-5f5ca0b48876,Helen,Moore,helenmoore671@example.com,helenmoore671,USER,2023-05-27T02:53:17.900426Z,2023-10-17T17:12:16.769177Z
45ac31d7-d1a1-4aef-a168-8cd5730de0b6,David,White,davidwhite29@example.com,davidwhite29,USER,2022-11-04T20:01:52.610156Z,2024-06-18T12:49:37.223095Z
4589df8b-8012-4052-83bf-c7a91b60b9be,Michael,Moore,michaelmoore925@example.com,michaelmoore925,USER,2023-01-10T15:41:49.155852Z,2024-01-19T12:14:57.809652Z
703a27a4-ec0c-47ed-9bda-0e1cc6c5b4a6,Christopher,Jones,christopherjones532@example.com,christopherjones532,USER,2020-07-04T12:23:32.011106Z,2024-03-22T07:54:51.643863Z
1203feff-4d41-48c0-a2dd-6d31fd1c3778,William,Harris,williamharris466@example.com,williamharris466,USER,2020-11-22T05:36:36.691444Z,2021-09-17T23:46:30.984796Z
f318b9c5-9897-440d-bc42-02ae42c87382,Matthew,Johnson,matthewjohnson509@example.com,matthewjohnson509,USER,2021-04-19T02:16:23.245386Z,2021-07-15T21:13:33.951819Z
2aa34947-c626-444a-ba14-09a38775d457,Jessica,Gonzalez,jessicagonzalez475@example.com,jessicagonzalez475,USER,2020-04-05T01:41:20.108239Z,2024-03-16T16:40:53.286780Z
389702a0-0409-4883-999d-180b8af70ae4,Charles,Jackson,charlesjackson188@example.com,charlesjackson188,USER,2022-02-10T20:24:23.616225Z,2022-07-19T16:16:24.951312Z
29dd423b-b206-42c7-ab6f-113d8a6b77d5,Thomas,Taylor,thomastaylor846@example.com,thomastaylor846,USER,2021-12-07T15:50:30.930267Z,2021-12-20T16:56:08.461267Z
46e30fcc-89a8-4bd1-a627-05916f5e3971,William,Davis,williamdavis668@example.com,williamdavis668,USER,2021-07-29T06:09:11.165001Z,2023-08-09T19:45:52.124078Z
9329c9fe-e8f1-4710-9504-2cb632ae9317,Thomas,Wilson,thomaswilson747@example.com,thomaswilson747,SELLER,2020-08-20T15:43:30.502290Z,2021-10-25T18:10:41.873846Z
676e3a3e-bd3c-44ad-a765-9b88e6410363,Mark,Smith,marksmith140@example.com,marksmith140,USER,2023-03-20T18:10:08.660120Z,2024-08-25T01:57:36.153999Z
86820d4a-b951-4e16-b75b-272c110cc8cc,Emma,Garcia,emmagarcia194@example.com,emmagarcia194,USER,2022-11-24T12:38:36.668595Z,2022-12-13T23:46:42.861198Z
b2287d23-2ec5-4025-9348-2a82fbe01cab,Christopher,Williams,christopherwilliams631@example.com,christopherwilliams631,USER,2022-08-23T15:10:14.870699Z,2023-10-17T19:09:50.610948Z
a8e90bc0-b7e0-4167-a78d-8743a9a0d080,Jennifer,Martin,jennifermartin280@example.com,jennifermartin280,USER,2020-12-09T23:43:21.967156Z,2023-06-25T19:37:04.240977Z
43aad5d4-8cd0-4371-90ba-f9000c440ca1,Anthony,Gonzalez,anthonygonzalez26@example.com,anthonygonzalez26,USER,2021-02-18T16:55:58.528859Z,2024-12-20T13:52:09.634924Z
acc01fec-8063-46d7-bba1-f3bda58d8375,James,Garcia,jamesgarcia639@example.com,jamesgarcia639,USER,2023-05-13T01:56:50.557244Z,2024-10-09T03:05:30.691423Z
e8d7234d-cb85-4bf3-b315-3022697e4fb8,Robert,Martin,robertmartin11@example.com,robertmartin11,USER,2024-05-05T21:41:27.547403Z,2024-08-20T11:55:02.731531Z
df0e43ac-483a-44da-8717-a45a34799f5c,Sandra,Wilson,sandrawilson831@example.com,sandrawilson831,USER,2022-09-14T12:22:37.843706Z,2024-10-12T22:36:06.446157Z
4bfc03f9-c50a-4b26-a6e2-dcc573b92fc5,Robert,Rodriguez,robertrodriguez248@example.com,robertrodriguez248,USER,2020-06-20T09:38:56.570143Z,2022-10-04T08:12:00.743596Z
21f219e5-745f-48ba-b27a-692cee878183,John,Jackson,johnjackson542@example.com,johnjackson542,USER,2020-01-15T12:41:13.721175Z,2024-07-19T10:26:23.111760Z
19f38338-df68-4c80-9ea8-00e919f7ce13,Maria,Wilson,mariawilson269@example.com,mariawilson269,USER,2021-06-19T17:27:36.383405Z,2024-11-23T08:43:25.791645Z
8bc1902f-705e-47ec-b511-bcd49a78d7ce,Linda,Wilson,lindawilson580@example.com,lindawilson580,USER,2022-09-15T05:23:35.581866Z,2024-01-23T08:19:36.361083Z
9338204c-e848-43e6-af89-1d311b466026,Nancy,White,nancywhite894@example.com,nancywhite894,USER,2023-09-12T03:47:14.468288Z,2024-10-16T22:10:06.224875Z
90499a0b-4bce-47fe-b47a-e3f9ed0bd1cc,Andrew,Gonzalez,andrewgonzalez830@example.com,andrewgonzalez830,USER,2023-02-01T19:44:43.741122Z,2023-03-26T05:24:40.005547Z
7e168ccc-88e8-417f-9e7e-85f2d1ec0c6e,Lisa,Jones,lisajones624@example.com,lisajones624,USER,2022-06-10T02:04:16.232542Z,2023-06-24T02:38:02.759687Z
9faab654-6009-41c9-bc86-de948ff25d30,Anthony,Gonzalez,anthonygonzalez543@example.com,anthonygonzalez543,USER,2021-08-09T22:38:03.991654Z,2022-08-02T20:31:28.011230Z
d148af9d-43a3-425a-8ef5-e9a48da229e3,Richard,Perez,richardperez540@example.com,richardperez540,SELLER,2021-08-08T06:02:50.628636Z,2024-06-18T16:44:14.645073Z
38723d0f-75cd-489d-9230-e787816c9a01,William,Perez,williamperez254@example.com,williamperez254,USER,2023-09-03T00:10:05.289340Z,2024-10-06T12:22:42.414337Z
6a1658e7-c4b5-40e1-b5d9-7037f02da2f2,Nancy,Jackson,nancyjackson25@example.com,nancyjackson25,USER,2024-02-18T22:04:58.094545Z,2024-11-25T09:46:53.586273Z
11b637ab-c1b4-4643-ac3e-8ccb00034809,Matthew,Lopez,matthewlopez293@example.com,matthewlopez293,SELLER,2021-04-08T19:12:29.974875Z,2023-07-14T18:00:16.183537Z
89bdc3ae-bb39-4508-85e8-74b9b7f10a1c,Mark,Taylor,marktaylor84@example.com,marktaylor84,USER,2022-10-27T09:21:07.841945Z,2024-04-04T08:56:34.852646Z
52f56fc1-3eba-4e26-98ce-62117554db11,Charles,Thompson,charlesthompson396@example.com,charlesthompson396,USER,2023-02-27T15:49:15.794268Z,2024-02-09T14:43:29.940073Z
a6a257e2-532b-4a75-b4e3-a06568226de8,Sarah,Thomas,sarahthomas79@example.com,sarahthomas79,USER,2022-02-22T20:50:14.709794Z,2023-06-07T10:26:22.541593Z
9748140e-e276-44c5-b816-749a181e3a80,Kenneth,Smith,kennethsmith279@example.com,kennethsmith279,USER,2021-05-23T09:05:25.706423Z,2023-04-23T02:35:59.187155Z
a52e1e1b-e553-418a-9f5a-16d40d9db603,Steven,Hernandez,stevenhernandez925@example.com,stevenhernandez925,USER,2023-03-20T08:11:47.716289Z,2023-09-30T15:47:12.246269Z
2f02f68c-54ff-48b6-aa88-1b13e99e8875,Patricia,Rodriguez,patriciarodriguez217@example.com,patriciarodriguez217,USER,2024-09-05T07:53:39.373321Z,2024-09-24T03:07:58.082300Z
bfac0474-5870-4f5b-ad5b-c9b668bf8352,Helen,Martin,helenmartin887@example.com,helenmartin887,USER,2023-01-13T01:54:30.389227Z,2024-10-09T10:31:57.923782Z
9e97385e-c346-4acd-89d6-ec5a6fc5408e,Barbara,Thomas,barbarathomas792@example.com,barbarathomas792,USER,2022-11-12T08:25:14.786609Z,2024-06-24T04:03:33.838095Z
9cafa6f3-89e6-46ee-867f-432fad8c5d03,Karen,Thomas,karenthomas43@example.com,karenthomas43,SELLER,2022-10-26T11:25:55.719678Z,2024-12-28T05:29:07.732162Z
19aa2702-ffc6-4b1b-8ea9-251630beec81,Sandra,Anderson,sandraanderson18@example.com,sandraanderson18,USER,2020-01-25T21:13:24.609231Z,2020-08-18T10:23:39.903706Z
d71a068e-3ba8-47bf-b914-50699f3c86ba,Charles,Garcia,charlesgarcia252@example.com,charlesgarcia252,USER,2021-07-05T15:39:21.383699Z,2022-07-16T15:27:13.439450Z
c52d5f3e-58f5-4096-906d-c2e5430564a6,Jessica,Lopez,jessicalopez296@example.com,jessicalopez296,SELLER,2022-07-12T05:36:08.603867Z,2024-06-13T07:52:06.755829Z
82ee9c2e-5e8a-4a4d-9366-fc699a2f5aae,Barbara,Davis,barbaradavis886@example.com,barbaradavis886,USER,2022-02-19T06:09:51.774417Z,2022-12-22T15:51:00.185186Z
a0262b67-7ce9-4217-92ec-b72bd445a343,Mark,Thomas,markthomas924@example.com,markthomas924,USER,2023-07-15T16:34:46.331064Z,2024-11-24T09:16:35.900204Z
0f832743-dd90-4f08-ad90-07818c1d90a3,Emma,Gonzalez,emmagonzalez177@example.com,emmagonzalez177,USER,2020-05-02T06:52:16.499687Z,2023-11-12T03:28:47.350912Z
98056214-d647-41bd-af6d-abacddd74686,Charles,Lopez,charleslopez580@example.com,charleslopez580,USER,2024-07-16T08:22:01.431762Z,2024-08-16T11:55:43.634992Z
7b5953e7-9209-4f9e-bf5e-e418ba70a904,Richard,Jackson,richardjackson674@example.com,richardjackson674,USER,2023-01-07T05:49:18.372358Z,2023-12-05T21:32:31.812378Z
4011e120-ab08-449d-93a8-c7ff72ae15ae,Donald,Williams,donaldwilliams303@example.com,donaldwilliams303,USER,2022-08-07T20:09:55.175715Z,2024-05-23T10:26:40.642053Z
2eb48a72-a2b9-4232-aeaa-d7bbb9692b82,Nancy,Williams,nancywilliams361@example.com,nancywilliams361,USER,2021-04-12T10:20:41.305509Z,2022-10-11T19:41:25.284424Z
26388567-7f1e-46b7-a222-9ed10fc4ed37,Donald,Harris,donaldharris381@example.com,donaldharris381,SELLER,2024-03-11T18:33:28.434098Z,2024-06-04T05:54:01.131113Z
65a0d5f5-9f9f-4625-b714-4ae628450da3,Patricia,Perez,patriciaperez771@example.com,patriciaperez771,USER,2023-12-06T23:05:13.175018Z,2024-06-26T03:06:04.982299Z
19875587-3860-4584-bce9-a1e143c8d92b,Steven,Moore,stevenmoore799@example.com,stevenmoore799,USER,2022-03-24T16:48:05.108976Z,2022-12-17T19:09:05.686641Z
12badee1-43de-4f2e-be07-75f88c291e83,Anthony,Martinez,anthonymartinez765@example.com,anthonymartinez765,USER,2021-08-04T14:40:08.137654Z,2024-07-17T05:01:02.695781Z
4c25cba5-37ae-4385-b542-1000e72ead23,Matthew,Hernandez,matthewhernandez488@example.com,matthewhernandez488,SELLER,2023-01-12T08:35:28.141678Z,2024-12-26T17:11:37.626612Z
b3ab866a-8102-4c31-87b7-26b28297149c,Betty,Lee,bettylee908@example.com,bettylee908,USER,2023-03-01T13:33:40.670593Z,2024-08-28T09:58:22.505048Z
f7a14e15-6d54-4621-b589-e71378d01c71,Kenneth,Davis,kennethdavis462@example.com,kennethdavis462,SELLER,2021-09-22T11:26:16.163281Z,2023-06-05T00:00:33.854987Z
b6e341ce-9cf5-4bc8-a5e7-3c6ef7ceb5e4,Robert,Lopez,robertlopez557@example.com,robertlopez557,USER,2020-01-18T22:59:31.992956Z,2024-04-13T15:19:00.803072Z
688b2c95-571f-4ade-8029-d7961070e5de,Karen,Martinez,karenmartinez825@example.com,karenmartinez825,USER,2020-01-15T17:23:12.431736Z,2024-12-25T17:27:25.262035Z
469ce894-1f9c-47ec-b9d0-c3d04ffc6422,William,Thompson,williamthompson409@example.com,williamthompson409,USER,2024-08-23T12:14:16.083057Z,2024-12-09T20:15:33.801676Z
ecb18902-e647-45f5-8010-c9141d299e0e,Barbara,Martinez,barbaramartinez554@example.com,barbaramartinez554,USER,2024-07-14T08:26:12.894940Z,2024-07-31T05:08:18.115717Z
3de66a1f-2729-416c-9ea8-05935f851054,Betty,Martin,bettymartin727@example.com,bettymartin727,USER,2023-06-29T15:12:20.020337Z,2023-12-01T01:34:01.194969Z
06910d1f-1765-4de9-af4e-c4acaeac42e8,James,Martinez,jamesmartinez742@example.com,jamesmartinez742,USER,2022-06-16T23:00:14.094578Z,2022-11-17T00:31:13.358521Z
752081d6-eade-4039-94a6-5e3ba9bf6f16,Mark,Martinez,markmartinez520@example.com,markmartinez520,USER,2022-01-30T14:44:50.033278Z,2023-12-07T02:53:48.997871Z
